{"annotations":[{"area":262144,"assist":{"category":{"description":"林地","id":11,"name":"Forest"},"tags":{"natural":"wood"}},"category_id":11,"category_name":"Forest","id":26801,"image_id":10415,"iscrowd":0}],"categories":{"Forest":262144},"center":[117.23133088790075,40.31644640813768],"extent":{"xmax":117.2316742106547,"xmin":117.23098756514679,"ymax":40.316708185777884,"ymin":40.316184630497474},"file_name":"high/20_395762_865748.jpg","height":512,"id":10415,"ins_file_name":"high/20_395762_865748.png","level":20,"seg_file_name":"high/20_395762_865748.png","tags":[{"natural":"wood","pixel":262144}],"valid_ratio":1.0,"width":512}