{"annotations":[{"area":262144,"assist":{"category":{"description":"林地","id":11,"name":"Forest"},"tags":{"natural":"wood"}},"category_id":11,"category_name":"Forest","id":10093,"image_id":3341,"iscrowd":0},{"area":0,"assist":{"category":{"description":"铁路","id":1,"name":"Railway"},"tags":{"electrified":"contact_line","frequency":"50","gauge":"1435","highspeed":"yes","layer":"-1","maxspeed":"350","name":"京哈高速线","name:zh":"京哈高速线","old_name":"京沈客运专线","passenger_lines":"2","railway":"rail","railway:ctcs":"3","railway:traffic_mode":"passenger","ref":"3007","start_date":"2021-01-22","tunnel":"yes","usage":"main","voltage":"25000"}},"category_id":1,"category_name":"Railway","id":10094,"image_id":3341,"iscrowd":0},{"area":0,"assist":{"category":{"description":"铁路","id":1,"name":"Railway"},"tags":{"electrified":"contact_line","frequency":"50","gauge":"1435","highspeed":"yes","layer":"-1","maxspeed":"350","name":"京哈高速线","name:zh":"京哈高速线","old_name":"京沈客运专线","passenger_lines":"2","railway":"rail","railway:ctcs":"3","railway:traffic_mode":"passenger","ref":"3007","start_date":"2021-01-22","tunnel":"yes","usage":"main","voltage":"25000"}},"category_id":1,"category_name":"Railway","id":10095,"image_id":3341,"iscrowd":0}],"categories":{"Forest":262144,"Railway":0},"center":[117.12696077069873,40.35570163570203],"extent":{"xmax":117.1273040934527,"xmin":117.12661744794478,"ymax":40.355963261090295,"ymin":40.35544001031377},"file_name":"high/20_395612_865444.jpg","height":512,"id":3341,"ins_file_name":"high/20_395612_865444.png","level":20,"seg_file_name":"high/20_395612_865444.png","tags":[{"natural":"wood","pixel":262144},{"pixel":0,"railway":"rail"}],"valid_ratio":1.0,"width":512}