{"annotations":[{"area":262144,"assist":{"category":{"description":"林地","id":11,"name":"Forest"},"tags":{"natural":"wood"}},"category_id":11,"category_name":"Forest","id":11803,"image_id":4148,"iscrowd":0}],"categories":{"Forest":262144},"center":[117.11597444257222,40.34680578576729],"extent":{"xmax":117.11631776532617,"xmin":117.11563111981826,"ymax":40.34706744566901,"ymin":40.34654412586556},"file_name":"high/20_395646_865412.jpg","height":512,"id":4148,"ins_file_name":"high/20_395646_865412.png","level":20,"seg_file_name":"high/20_395646_865412.png","tags":[{"natural":"wood","pixel":262144}],"valid_ratio":1.0,"width":512}