{"annotations":[{"area":2170,"assist":{"category":{"description":"机场","id":18,"name":"Airport"},"tags":{"aeroway":"aerodrome","landuse":"military","military":"airfield","name":"北京沙河镇空军基地","name:en":"Beijing Shahezhen Air Base","wikidata":"Q28410973","wikipedia":"zh:北京沙河机场"}},"category_id":18,"category_name":"Airport","id":16095,"image_id":3416,"iscrowd":0},{"area":231901,"assist":{"category":{"description":"林地","id":11,"name":"Forest"},"tags":{"landuse":"forest"}},"category_id":11,"category_name":"Forest","id":16096,"image_id":3416,"iscrowd":0},{"area":0,"assist":{"category":{"description":"河流","id":4,"name":"River"},"tags":{"name":"北沙河","name:zh":"北沙河","name:zh-Hans":"北沙河","name:zh-Hant":"北沙河","source":"Yahoo Aerial Imagery","waterway":"river"}},"category_id":4,"category_name":"River","id":16097,"image_id":3416,"iscrowd":0},{"area":0,"assist":{"category":{"description":"普通公路","id":3,"name":"Ordinary_highway"},"tags":{"highway":"tertiary"}},"category_id":3,"category_name":"Ordinary_highway","id":16098,"image_id":3416,"iscrowd":0},{"area":0,"assist":{"category":{"description":"普通公路","id":3,"name":"Ordinary_highway"},"tags":{"highway":"secondary","name":"百沙路","name:zh":"百沙路","name:zh-Hans":"百沙路","name:zh-Hant":"百沙路","ref":"X032"}},"category_id":3,"category_name":"Ordinary_highway","id":16099,"image_id":3416,"iscrowd":0},{"area":0,"assist":{"category":{"description":"普通公路","id":3,"name":"Ordinary_highway"},"tags":{"highway":"tertiary"}},"category_id":3,"category_name":"Ordinary_highway","id":16100,"image_id":3416,"iscrowd":0},{"area":10775,"assist":{"category":{"description":"普通公路","id":3,"name":"Ordinary_highway"},"tags":{"highway":"service"}},"category_id":3,"category_name":"Ordinary_highway","id":16101,"image_id":3416,"iscrowd":0}],"categories":{"Airport":2170,"Forest":231901,"Ordinary_highway":10775,"River":0},"center":[116.30676271150253,40.15604848923674],"extent":{"xmax":116.30710603425648,"xmin":116.30641938874857,"ymax":40.15631088770485,"ymin":40.15578609076863},"file_name":"high/20_396374_863055.jpg","height":512,"id":3416,"ins_file_name":"high/20_396374_863055.png","level":20,"seg_file_name":"high/20_396374_863055.png","tags":[{"aeroway":"aerodrome","pixel":2170},{"highway":"secondary","pixel":0},{"highway":"service","pixel":10775},{"highway":"tertiary","pixel":0},{"landuse":"forest","pixel":231901},{"pixel":0,"waterway":"river"}],"valid_ratio":0.9340133666992188,"width":512}