{"annotations":[{"area":0,"assist":{"category":{"description":"林地","id":11,"name":"Forest"},"tags":{"landuse":"forest"}},"category_id":11,"category_name":"Forest","id":20241,"image_id":4434,"iscrowd":0},{"area":185665,"assist":{"category":{"description":"耕地","id":10,"name":"Farmland"},"tags":{"landuse":"farmland"}},"category_id":10,"category_name":"Farmland","id":20242,"image_id":4434,"iscrowd":0},{"area":0,"assist":{"category":{"description":"河流","id":4,"name":"River"},"tags":{"boat":"no","code":"ACB13106","name":"温榆河","name:en":"Wenyu River","name:zh":"温榆河","name:zh-Hans":"温榆河","name:zh-Hant":"溫榆河","name:zh-Latn-pinyin":"wēnyú hé","nsdi_code":"CB4005","source":"Yahoo","waterway":"river","zhb_code":"07CB010301"}},"category_id":4,"category_name":"River","id":20243,"image_id":4434,"iscrowd":0},{"area":0,"assist":{"category":{"description":"普通公路","id":3,"name":"Ordinary_highway"},"tags":{"highway":"residential","name":"秦上路"}},"category_id":3,"category_name":"Ordinary_highway","id":20244,"image_id":4434,"iscrowd":0},{"area":18828,"assist":{"category":{"description":"普通公路","id":3,"name":"Ordinary_highway"},"tags":{"highway":"service"}},"category_id":3,"category_name":"Ordinary_highway","id":20245,"image_id":4434,"iscrowd":0}],"categories":{"Farmland":185665,"Forest":0,"Ordinary_highway":29778,"River":0},"center":[116.355514542564,40.14607661539425],"extent":{"xmax":116.35585786531794,"xmin":116.35517121981005,"ymax":40.14633905239114,"ymin":40.14581417839736},"file_name":"high/20_396412_863197.jpg","height":512,"id":4434,"ins_file_name":"high/20_396412_863197.png","level":20,"seg_file_name":"high/20_396412_863197.png","tags":[{"highway":"residential","pixel":0},{"highway":"service","pixel":18828},{"landuse":"farmland","pixel":185665},{"landuse":"forest","pixel":0},{"pixel":0,"waterway":"river"}],"valid_ratio":0.8218498229980469,"width":512}