{"annotations":[{"area":262144,"assist":{"category":{"description":"城市绿地","id":12,"name":"Urban_green"},"tags":{"area":"yes","leisure":"park"}},"category_id":12,"category_name":"Urban_green","id":25432,"image_id":5492,"iscrowd":0},{"area":0,"assist":{"category":{"description":"河流","id":4,"name":"River"},"tags":{"boat":"no","code":"ACB13106","name":"温榆河","name:en":"Wenyu River","name:zh":"温榆河","name:zh-Hans":"温榆河","name:zh-Hant":"溫榆河","name:zh-Latn-pinyin":"wēnyú hé","nsdi_code":"CB4005","source":"Yahoo","waterway":"river","zhb_code":"07CB010301"}},"category_id":4,"category_name":"River","id":25433,"image_id":5492,"iscrowd":0}],"categories":{"River":0,"Urban_green":262144},"center":[116.33628846834259,40.13190353935953],"extent":{"xmax":116.33663179109654,"xmin":116.33594514558862,"ymax":40.13216603110388,"ymin":40.131641047615176},"file_name":"high/20_396466_863141.jpg","height":512,"id":5492,"ins_file_name":"high/20_396466_863141.png","level":20,"seg_file_name":"high/20_396466_863141.png","tags":[{"leisure":"park","pixel":262144},{"pixel":0,"waterway":"river"}],"valid_ratio":1.0,"width":512}