{"annotations":[{"area":262144,"assist":{"category":{"description":"学校","id":32,"name":"School"},"tags":{"amenity":"school","ele":"27","gnis:county_id":"059","gnis:created":"10/28/2005","gnis:edited":"06/05/2007","gnis:feature_id":"2073951","gnis:state_id":"36","name":"Mineola High School","wikidata":"Q6864208"}},"category_id":32,"category_name":"School","id":539938,"image_id":50201,"iscrowd":0},{"area":124873,"assist":{"category":{"description":"体育场地","id":33,"name":"Sport_field"},"tags":{"leisure":"pitch","sport":"baseball"}},"category_id":33,"category_name":"Sport_field","id":539939,"image_id":50201,"iscrowd":0},{"area":0,"assist":{"category":{"description":"普通公路","id":3,"name":"Ordinary_highway"},"tags":{"highway":"residential","name":"Bedford Avenue","surface":"asphalt","tiger:cfcc":"A41","tiger:county":"Nassau, NY","tiger:name_base":"Bedford","tiger:name_type":"Ave","tiger:reviewed":"no","tiger:zip_left":"11040","tiger:zip_right":"11040"}},"category_id":3,"category_name":"Ordinary_highway","id":539940,"image_id":50201,"iscrowd":0}],"categories":{"Ordinary_highway":0,"School":137271,"Sport_field":124873},"center":[-73.65955353808553,40.74075414846661],"extent":{"xmax":-73.65921021533157,"xmin":-73.65989686083948,"ymax":40.74101427392429,"ymin":40.74049402300892},"file_name":"high/20_394136_309738.jpg","height":512,"id":50201,"ins_file_name":"high/20_394136_309738.png","level":20,"seg_file_name":"high/20_394136_309738.png","tags":[{"amenity":"school","pixel":262144},{"highway":"residential","pixel":0},{"leisure":"pitch","pixel":124873}],"valid_ratio":1.0,"width":512}