{"annotations":[{"area":262144,"assist":{"category":{"description":"海洋","id":7,"name":"Sea"},"tags":{"addr:state":"NY","ele":"0","gnis:county_name":"Suffolk","gnis:created":"01/23/1980","gnis:edited":"06/11/2008","gnis:feature_id":"977427","gnis:feature_type":"Bay","name":"Long Island Sound","natural":"bay","type":"multipolygon","wikidata":"Q867460","wikipedia":"en:Long Island Sound"}},"category_id":7,"category_name":"Sea","id":438080,"image_id":37207,"iscrowd":0},{"area":0,"assist":{"category":{"description":"林地","id":11,"name":"Forest"},"tags":{"natural":"wood"}},"category_id":11,"category_name":"Forest","id":438081,"image_id":37207,"iscrowd":0},{"area":96391,"assist":{"category":{"description":"林地","id":11,"name":"Forest"},"tags":{"natural":"wood"}},"category_id":11,"category_name":"Forest","id":438082,"image_id":37207,"iscrowd":0},{"area":16854,"assist":{"category":{"description":"建筑","id":15,"name":"Buildings"},"tags":{"addr:city":"Roslyn","addr:housenumber":"38","addr:postcode":"11576","addr:state":"NY","addr:street":"Woodland Road","building":"house","nysgissam:nysaddresspointid":"NASS262944"}},"category_id":15,"category_name":"Buildings","id":438083,"image_id":37207,"iscrowd":0},{"area":16037,"assist":{"category":{"description":"建筑","id":15,"name":"Buildings"},"tags":{"addr:city":"Roslyn","addr:housenumber":"36","addr:postcode":"11576","addr:state":"NY","addr:street":"Woodland Road","building":"house","nysgissam:nysaddresspointid":"NASS103565"}},"category_id":15,"category_name":"Buildings","id":438084,"image_id":37207,"iscrowd":0},{"area":0,"assist":{"category":{"description":"普通公路","id":3,"name":"Ordinary_highway"},"tags":{"highway":"residential","lanes":"2","maxspeed":"25 mph","name":"Woodland Road","surface":"asphalt","tiger:cfcc":"A41","tiger:county":"Nassau, NY","tiger:name_base":"Woodland","tiger:name_type":"Rd","tiger:reviewed":"no","tiger:zip_left":"11576","tiger:zip_right":"11576"}},"category_id":3,"category_name":"Ordinary_highway","id":438085,"image_id":37207,"iscrowd":0}],"categories":{"Buildings":32891,"Forest":96391,"Ordinary_highway":0,"Sea":132862},"center":[-73.66024018359343,40.80523397547812],"extent":{"xmax":-73.65989686083948,"xmin":-73.6605835063474,"ymax":40.80549384861132,"ymin":40.804974102344914},"file_name":"high/20_393888_309736.jpg","height":512,"id":37207,"ins_file_name":"high/20_393888_309736.png","level":20,"seg_file_name":"high/20_393888_309736.png","tags":[{"building":"house","pixel":32891},{"highway":"residential","pixel":0},{"natural":"bay","pixel":262144},{"natural":"wood","pixel":96391}],"valid_ratio":1.0,"width":512}