{"annotations":[{"area":0,"assist":{"category":{"description":"学校","id":32,"name":"School"},"tags":{"amenity":"school","name":"Henry Viscardi School"}},"category_id":32,"category_name":"School","id":515017,"image_id":46949,"iscrowd":0},{"area":38987,"assist":{"category":{"description":"林地","id":11,"name":"Forest"},"tags":{"natural":"wood"}},"category_id":11,"category_name":"Forest","id":515018,"image_id":46949,"iscrowd":0},{"area":223157,"assist":{"category":{"description":"湖泊","id":5,"name":"Lake"},"tags":{"name":"Nassau County Basin #468","natural":"water","reservoir_type":"sewage","water":"reservoir"}},"category_id":5,"category_name":"Lake","id":515019,"image_id":46949,"iscrowd":0},{"area":0,"assist":{"category":{"description":"普通公路","id":3,"name":"Ordinary_highway"},"tags":{"highway":"residential","name":"Dogwood Road","tiger:cfcc":"A41","tiger:county":"Nassau, NY","tiger:name_base":"Dogwood","tiger:name_type":"Rd","tiger:reviewed":"no","tiger:zip_left":"11576"}},"category_id":3,"category_name":"Ordinary_highway","id":515020,"image_id":46949,"iscrowd":0},{"area":0,"assist":{"category":{"description":"普通公路","id":3,"name":"Ordinary_highway"},"tags":{"highway":"secondary","name":"I U Willets Road","old_ref":"CR 31","tiger:cfcc":"A41","tiger:county":"Nassau, NY","tiger:name_base":"I U Willets","tiger:name_type":"Rd","tiger:reviewed":"no","tiger:zip_left":"11576","tiger:zip_right":"11576"}},"category_id":3,"category_name":"Ordinary_highway","id":515021,"image_id":46949,"iscrowd":0},{"area":0,"assist":{"category":{"description":"普通公路","id":3,"name":"Ordinary_highway"},"tags":{"highway":"secondary","name":"Searingtown Road North","old_ref":"CR 101","ref":"CR 101","tiger:cfcc":"A41","tiger:county":"Nassau, NY","tiger:name_base":"Searingtown","tiger:name_direction_suffix":"N","tiger:name_type":"Rd","tiger:reviewed":"no","tiger:zip_left":"11507","tiger:zip_right":"11507"}},"category_id":3,"category_name":"Ordinary_highway","id":515022,"image_id":46949,"iscrowd":0}],"categories":{"Forest":38987,"Lake":223157,"Ordinary_highway":0,"School":0},"center":[-73.65886689257762,40.7698818191047],"extent":{"xmax":-73.65852356982367,"xmin":-73.65921021533157,"ymax":40.77014183061982,"ymin":40.76962180758957},"file_name":"high/20_394024_309740.jpg","height":512,"id":46949,"ins_file_name":"high/20_394024_309740.png","level":20,"seg_file_name":"high/20_394024_309740.png","tags":[{"amenity":"school","pixel":0},{"highway":"residential","pixel":0},{"highway":"secondary","pixel":0},{"natural":"water","pixel":223157},{"natural":"wood","pixel":38987}],"valid_ratio":1.0,"width":512}