{"annotations":[{"area":0,"assist":{"category":{"description":"海洋","id":7,"name":"Sea"},"tags":{"addr:state":"NY","ele":"0","gnis:county_name":"Suffolk","gnis:created":"01/23/1980","gnis:edited":"06/11/2008","gnis:feature_id":"977427","gnis:feature_type":"Bay","name":"Long Island Sound","natural":"bay","type":"multipolygon","wikidata":"Q867460","wikipedia":"en:Long Island Sound"}},"category_id":7,"category_name":"Sea","id":13508,"image_id":1154,"iscrowd":0},{"area":0,"assist":{"category":{"description":"岛屿","id":8,"name":"Island"},"tags":{"name":"South Fork","name:en":"South Fork","natural":"peninsula","type":"multipolygon","wikidata":"Q3492251","wikipedia":"en:South Fork (Long Island)"}},"category_id":8,"category_name":"Island","id":13509,"image_id":1154,"iscrowd":0},{"area":0,"assist":{"category":{"description":"岛屿","id":8,"name":"Island"},"tags":{"name":"North Fork","natural":"peninsula","type":"multipolygon","wikidata":"Q3344119","wikipedia":"en:North Fork (Long Island)"}},"category_id":8,"category_name":"Island","id":13510,"image_id":1154,"iscrowd":0},{"area":262144,"assist":{"category":{"description":"林地","id":11,"name":"Forest"},"tags":{"natural":"wood","type":"multipolygon"}},"category_id":11,"category_name":"Forest","id":13511,"image_id":1154,"iscrowd":0},{"area":0,"assist":{"category":{"description":"普通公路","id":3,"name":"Ordinary_highway"},"tags":{"highway":"residential","name":"Private Road","surface":"unpaved","tiger:cfcc":"A41","tiger:county":"Suffolk, NY","tiger:name_base":"Private","tiger:name_type":"Rd","tiger:reviewed":"no"}},"category_id":3,"category_name":"Ordinary_highway","id":13512,"image_id":1154,"iscrowd":0}],"categories":{"Forest":262144,"Island":0,"Ordinary_highway":0,"Sea":0},"center":[-72.29896546416566,41.057608627795034],"extent":{"xmax":-72.29827881865776,"xmin":-72.29965210967357,"ymax":41.05812639253648,"ymin":41.05709086305359},"file_name":"high/19_196457_156850.jpg","height":512,"id":1154,"ins_file_name":"high/19_196457_156850.png","level":19,"seg_file_name":"high/19_196457_156850.png","tags":[{"highway":"residential","pixel":0},{"natural":"bay","pixel":0},{"natural":"peninsula","pixel":0},{"natural":"wood","pixel":262144}],"valid_ratio":1.0,"width":512}