{"annotations":[{"area":0,"assist":{"category":{"description":"海洋","id":7,"name":"Sea"},"tags":{"addr:state":"NY","ele":"0","gnis:county_name":"Suffolk","gnis:created":"01/23/1980","gnis:edited":"06/11/2008","gnis:feature_id":"977427","gnis:feature_type":"Bay","name":"Long Island Sound","natural":"bay","type":"multipolygon","wikidata":"Q867460","wikipedia":"en:Long Island Sound"}},"category_id":7,"category_name":"Sea","id":28217,"image_id":3161,"iscrowd":0},{"area":0,"assist":{"category":{"description":"岛屿","id":8,"name":"Island"},"tags":{"name":"South Fork","name:en":"South Fork","natural":"peninsula","type":"multipolygon","wikidata":"Q3492251","wikipedia":"en:South Fork (Long Island)"}},"category_id":8,"category_name":"Island","id":28218,"image_id":3161,"iscrowd":0},{"area":0,"assist":{"category":{"description":"岛屿","id":8,"name":"Island"},"tags":{"name":"North Fork","natural":"peninsula","type":"multipolygon","wikidata":"Q3344119","wikipedia":"en:North Fork (Long Island)"}},"category_id":8,"category_name":"Island","id":28219,"image_id":3161,"iscrowd":0},{"area":262144,"assist":{"category":{"description":"林地","id":11,"name":"Forest"},"tags":{"landuse":"forest"}},"category_id":11,"category_name":"Forest","id":28220,"image_id":3161,"iscrowd":0},{"area":0,"assist":{"category":{"description":"普通公路","id":3,"name":"Ordinary_highway"},"tags":{"highway":"residential","maxspeed":"20 mph","name":"Hillside Drive","tiger:cfcc":"A41","tiger:county":"Suffolk, NY","tiger:name_base":"Hillside","tiger:name_type":"Dr","tiger:reviewed":"no","tiger:zip_left":"11965"}},"category_id":3,"category_name":"Ordinary_highway","id":28221,"image_id":3161,"iscrowd":0}],"categories":{"Forest":262144,"Island":0,"Ordinary_highway":0,"Sea":0},"center":[-72.35801697784575,41.069774975361454],"extent":{"xmax":-72.3576736550918,"xmin":-72.3583603005997,"ymax":41.070033809842954,"ymin":41.069516140879955},"file_name":"high/20_392868_313529.jpg","height":512,"id":3161,"ins_file_name":"high/20_392868_313529.png","level":20,"seg_file_name":"high/20_392868_313529.png","tags":[{"highway":"residential","pixel":0},{"landuse":"forest","pixel":262144},{"natural":"bay","pixel":0},{"natural":"peninsula","pixel":0}],"valid_ratio":1.0,"width":512}