{"annotations":[{"area":0,"assist":{"category":{"description":"海洋","id":7,"name":"Sea"},"tags":{"addr:state":"NY","ele":"0","gnis:county_name":"Suffolk","gnis:created":"01/23/1980","gnis:edited":"06/11/2008","gnis:feature_id":"977427","gnis:feature_type":"Bay","name":"Long Island Sound","natural":"bay","type":"multipolygon","wikidata":"Q867460","wikipedia":"en:Long Island Sound"}},"category_id":7,"category_name":"Sea","id":34788,"image_id":4214,"iscrowd":0},{"area":0,"assist":{"category":{"description":"岛屿","id":8,"name":"Island"},"tags":{"name":"South Fork","name:en":"South Fork","natural":"peninsula","type":"multipolygon","wikidata":"Q3492251","wikipedia":"en:South Fork (Long Island)"}},"category_id":8,"category_name":"Island","id":34789,"image_id":4214,"iscrowd":0},{"area":0,"assist":{"category":{"description":"岛屿","id":8,"name":"Island"},"tags":{"name":"North Fork","natural":"peninsula","type":"multipolygon","wikidata":"Q3344119","wikipedia":"en:North Fork (Long Island)"}},"category_id":8,"category_name":"Island","id":34790,"image_id":4214,"iscrowd":0},{"area":256383,"assist":{"category":{"description":"林地","id":11,"name":"Forest"},"tags":{"landuse":"forest"}},"category_id":11,"category_name":"Forest","id":34791,"image_id":4214,"iscrowd":0},{"area":0,"assist":{"category":{"description":"普通公路","id":3,"name":"Ordinary_highway"},"tags":{"highway":"tertiary","maxspeed":"35 mph","name":"Nostrand Parkway","tiger:cfcc":"A41","tiger:county":"Suffolk, NY","tiger:name_base":"Nostrand","tiger:name_type":"Pkwy","tiger:reviewed":"no","tiger:zip_left":"11965"}},"category_id":3,"category_name":"Ordinary_highway","id":34792,"image_id":4214,"iscrowd":0}],"categories":{"Forest":256383,"Island":0,"Ordinary_highway":0,"Sea":0},"center":[-72.37037659698811,41.06045627375818],"extent":{"xmax":-72.37003327423415,"xmin":-72.37071991974206,"ymax":41.06071514492103,"ymin":41.06019740259532},"file_name":"high/20_392904_313493.jpg","height":512,"id":4214,"ins_file_name":"high/20_392904_313493.png","level":20,"seg_file_name":"high/20_392904_313493.png","tags":[{"highway":"tertiary","pixel":0},{"landuse":"forest","pixel":256383},{"natural":"bay","pixel":0},{"natural":"peninsula","pixel":0}],"valid_ratio":0.9780235290527344,"width":512}