{"annotations":[{"area":1504,"assist":{"category":{"description":"林地","id":11,"name":"Forest"},"tags":{"landuse":"forest","source":"Yahoo","type":"multipolygon"}},"category_id":11,"category_name":"Forest","id":24075,"image_id":712,"iscrowd":0},{"area":0,"assist":{"category":{"description":"城市绿地","id":12,"name":"Urban_green"},"tags":{"ele":"24","gnis:county_id":"119","gnis:created":"01/23/1980","gnis:feature_id":"967502","gnis:state_id":"36","leisure":"park","name":"Tibbetts Brook Park","wikidata":"Q7800329"}},"category_id":12,"category_name":"Urban_green","id":24076,"image_id":712,"iscrowd":0},{"area":228070,"assist":{"category":{"description":"林地","id":11,"name":"Forest"},"tags":{"landuse":"forest","leaf_cycle":"deciduous","name":"Tibbetts Brook Park West","source":"Yahoo"}},"category_id":11,"category_name":"Forest","id":24077,"image_id":712,"iscrowd":0},{"area":0,"assist":{"category":{"description":"高速公路","id":2,"name":"Motorway"},"tags":{"NHS":"yes","bicycle":"no","destination:lanes":"Saw Mill Parkway|Saw Mill Parkway|Cross County Parkway;Hutchinson Parkway","expressway":"yes","hgv":"no","highway":"motorway","lanes":"3","maxheight:signed":"no","maxspeed":"50 mph","motorcar":"designated","name":"Saw Mill River Parkway","oneway":"yes","ref":"SMP","short_name":"Saw Mill Parkway","surface":"asphalt","turn:lanes":"none|none|slight_right","unsigned_ref":"NY 987D"}},"category_id":2,"category_name":"Motorway","id":24078,"image_id":712,"iscrowd":0},{"area":4640,"assist":{"category":{"description":"普通公路","id":3,"name":"Ordinary_highway"},"tags":{"highway":"tertiary","name":"Rumsey Road","surface":"asphalt","tiger:cfcc":"A41","tiger:county":"Westchester, NY","tiger:name_base":"Rumsey","tiger:name_type":"Rd","tiger:reviewed":"no"}},"category_id":3,"category_name":"Ordinary_highway","id":24079,"image_id":712,"iscrowd":0}],"categories":{"Forest":229574,"Motorway":0,"Ordinary_highway":4640,"Urban_green":0},"center":[-73.88099671438587,40.92907766649273],"extent":{"xmax":-73.88031006887798,"xmin":-73.88168335989378,"ymax":40.929596441655434,"ymin":40.92855889133003},"file_name":"high/19_196705_154546.jpg","height":512,"id":712,"ins_file_name":"high/19_196705_154546.png","level":19,"seg_file_name":"high/19_196705_154546.png","tags":[{"highway":"motorway","pixel":0},{"highway":"tertiary","pixel":4640},{"landuse":"forest","pixel":229574},{"leisure":"park","pixel":0}],"valid_ratio":0.8934555053710938,"width":512}