{"annotations":[{"area":0,"assist":{"category":{"description":"普通公路","id":3,"name":"Ordinary_highway"},"tags":{"highway":"residential","name":"Gramatan Drive","tiger:cfcc":"A41","tiger:county":"Westchester, NY","tiger:name_base":"Gramatan","tiger:name_type":"Dr","tiger:reviewed":"no","tiger:zip_left":"10701","tiger:zip_right":"10701"}},"category_id":3,"category_name":"Ordinary_highway","id":36745,"image_id":2468,"iscrowd":0},{"area":60657,"assist":{"category":{"description":"高速公路","id":2,"name":"Motorway"},"tags":{"hgv":"designated","highway":"motorway","lanes":"3","maxspeed":"55 mph","name":"New York State Thruway","official_name":"Governor Thomas E. Dewey Thruway","oneway":"yes","ref":"I 87","surface":"asphalt","toll":"no"}},"category_id":2,"category_name":"Motorway","id":36746,"image_id":2468,"iscrowd":0},{"area":46480,"assist":{"category":{"description":"高速公路","id":2,"name":"Motorway"},"tags":{"destination":"Cross County Parkway;Mile Square Road","highway":"motorway_link","junction:ref":"4","lanes":"1","maxspeed:advisory":"35 mph","oneway":"yes","surface":"asphalt","tiger:cfcc":"A63","tiger:county":"Westchester, NY"}},"category_id":2,"category_name":"Motorway","id":36747,"image_id":2468,"iscrowd":0},{"area":8819,"assist":{"category":{"description":"高速公路","id":2,"name":"Motorway"},"tags":{"hgv":"designated","highway":"motorway","lanes":"4","maxspeed":"55 mph","name":"New York State Thruway","official_name":"Governor Thomas E. Dewey Thruway","oneway":"yes","ref":"I 87","surface":"asphalt","toll":"no","turn:lanes":"|||slight_right"}},"category_id":2,"category_name":"Motorway","id":36748,"image_id":2468,"iscrowd":0},{"area":4810,"assist":{"category":{"description":"高速公路","id":2,"name":"Motorway"},"tags":{"hgv":"designated","highway":"motorway","lanes":"3","maxspeed":"55 mph","name":"New York State Thruway","official_name":"Governor Thomas E. Dewey Thruway","oneway":"yes","ref":"I 87","surface":"asphalt","toll":"no"}},"category_id":2,"category_name":"Motorway","id":36749,"image_id":2468,"iscrowd":0}],"categories":{"Motorway":181582,"Ordinary_highway":0},"center":[-73.85559083059329,40.94048973591853],"extent":{"xmax":-73.85524750783932,"xmin":-73.85593415334723,"ymax":40.940749078695774,"ymin":40.94023039314129},"file_name":"high/20_393367_309167.jpg","height":512,"id":2468,"ins_file_name":"high/20_393367_309167.png","level":20,"seg_file_name":"high/20_393367_309167.png","tags":[{"highway":"motorway","pixel":74286},{"highway":"motorway_link","pixel":46480},{"highway":"residential","pixel":0}],"valid_ratio":0.6926803588867188,"width":512}