{"annotations":[{"area":0,"assist":{"category":{"description":"普通公路","id":3,"name":"Ordinary_highway"},"tags":{"highway":"tertiary","lanes":"2","name":"Ridge Hill Boulevard","oneway":"yes","source":"Bing 2011/2012","surface":"asphalt"}},"category_id":3,"category_name":"Ordinary_highway","id":33862,"image_id":1995,"iscrowd":0},{"area":0,"assist":{"category":{"description":"普通公路","id":3,"name":"Ordinary_highway"},"tags":{"highway":"tertiary","lanes":"2","name":"Ridge Hill Boulevard","oneway":"yes","source":"Bing 2011/2012","surface":"asphalt"}},"category_id":3,"category_name":"Ordinary_highway","id":33863,"image_id":1995,"iscrowd":0},{"area":69813,"assist":{"category":{"description":"高速公路","id":2,"name":"Motorway"},"tags":{"hgv":"designated","highway":"motorway","lanes":"3","maxspeed":"55 mph","name":"New York State Thruway","official_name":"Governor Thomas E. Dewey Thruway","oneway":"yes","ref":"I 87","surface":"asphalt","toll":"no"}},"category_id":2,"category_name":"Motorway","id":33864,"image_id":1995,"iscrowd":0},{"area":0,"assist":{"category":{"description":"普通公路","id":3,"name":"Ordinary_highway"},"tags":{"highway":"residential"}},"category_id":3,"category_name":"Ordinary_highway","id":33865,"image_id":1995,"iscrowd":0},{"area":42543,"assist":{"category":{"description":"高速公路","id":2,"name":"Motorway"},"tags":{"hgv":"designated","highway":"motorway","lanes":"3","maxspeed":"55 mph","name":"New York State Thruway","official_name":"Governor Thomas E. Dewey Thruway","oneway":"yes","ref":"I 87","surface":"asphalt","toll":"no"}},"category_id":2,"category_name":"Motorway","id":33866,"image_id":1995,"iscrowd":0},{"area":20477,"assist":{"category":{"description":"高速公路","id":2,"name":"Motorway"},"tags":{"destination:lanes":"none|none|none|Ridge Hill Boulevard;Stew Leonard Drive","hgv":"designated","highway":"motorway","lanes":"4","maxspeed":"55 mph","name":"New York State Thruway","official_name":"Governor Thomas E. Dewey Thruway","oneway":"yes","ref":"I 87","surface":"asphalt","toll":"no","turn:lanes":"none|none|none|slight_right"}},"category_id":2,"category_name":"Motorway","id":33867,"image_id":1995,"iscrowd":0}],"categories":{"Motorway":182322,"Ordinary_highway":0},"center":[-73.85971070364073,40.96278944893257],"extent":{"xmax":-73.85936738088677,"xmin":-73.86005402639468,"ymax":40.963048704130784,"ymin":40.96253019373435},"file_name":"high/20_393281_309155.jpg","height":512,"id":1995,"ins_file_name":"high/20_393281_309155.png","level":20,"seg_file_name":"high/20_393281_309155.png","tags":[{"highway":"motorway","pixel":132833},{"highway":"residential","pixel":0},{"highway":"tertiary","pixel":0}],"valid_ratio":0.6955032348632813,"width":512}