{"annotations":[{"area":71795,"assist":{"category":{"description":"建筑","id":15,"name":"Buildings"},"tags":{"building":"yes","building:levels":"9"}},"category_id":15,"category_name":"Buildings","id":9499,"image_id":196,"iscrowd":0},{"area":33901,"assist":{"category":{"description":"建筑","id":15,"name":"Buildings"},"tags":{"building":"yes","building:levels":"7"}},"category_id":15,"category_name":"Buildings","id":9500,"image_id":196,"iscrowd":0},{"area":2926,"assist":{"category":{"description":"草地","id":13,"name":"Meadow"},"tags":{"landuse":"grass"}},"category_id":13,"category_name":"Meadow","id":9501,"image_id":196,"iscrowd":0},{"area":0,"assist":{"category":{"description":"河流","id":4,"name":"River"},"tags":{"layer":"-1","name":"护城河（已盖板）","tunnel":"culvert","waterway":"river"}},"category_id":4,"category_name":"River","id":9502,"image_id":196,"iscrowd":0},{"area":10010,"assist":{"category":{"description":"普通公路","id":3,"name":"Ordinary_highway"},"tags":{"highway":"service"}},"category_id":3,"category_name":"Ordinary_highway","id":9503,"image_id":196,"iscrowd":0},{"area":14503,"assist":{"category":{"description":"普通公路","id":3,"name":"Ordinary_highway"},"tags":{"cycleway:right":"lane","highway":"primary","name":"东长安街","name:en":"East Chang'an Street","name:ru":"улица Дун-Чанъаньцзе","name:vi":"Đường Đông Trường An","name:zh":"东长安街","name:zh-Hans":"东长安街","name:zh-Latn-pinyin":"Dōng-Cháng'ān-jiē","oneway":"yes"}},"category_id":3,"category_name":"Ordinary_highway","id":9504,"image_id":196,"iscrowd":0},{"area":0,"assist":{"category":{"description":"普通公路","id":3,"name":"Ordinary_highway"},"tags":{"cycleway:right":"lane","highway":"primary","name":"东长安街","name:en":"East Chang'an Street","name:ru":"улица Дун-Чанъаньцзе","name:vi":"Đường Đông Trường An","name:zh":"东长安街","name:zh-Hans":"东长安街","name:zh-Latn-pinyin":"Dōng-Cháng'ān-jiē","oneway":"yes"}},"category_id":3,"category_name":"Ordinary_highway","id":9505,"image_id":196,"iscrowd":0},{"area":702,"assist":{"category":{"description":"普通公路","id":3,"name":"Ordinary_highway"},"tags":{"highway":"service"}},"category_id":3,"category_name":"Ordinary_highway","id":9506,"image_id":196,"iscrowd":0},{"area":3435,"assist":{"category":{"description":"普通公路","id":3,"name":"Ordinary_highway"},"tags":{"highway":"service"}},"category_id":3,"category_name":"Ordinary_highway","id":9507,"image_id":196,"iscrowd":0},{"area":396,"assist":{"category":{"description":"城市绿地","id":12,"name":"Urban_green"},"tags":{"natural":"tree_row"}},"category_id":12,"category_name":"Urban_green","id":9508,"image_id":196,"iscrowd":0},{"area":1115,"assist":{"category":{"description":"普通公路","id":3,"name":"Ordinary_highway"},"tags":{"highway":"service"}},"category_id":3,"category_name":"Ordinary_highway","id":9509,"image_id":196,"iscrowd":0},{"area":576,"assist":{"category":{"description":"城市绿地","id":12,"name":"Urban_green"},"tags":{"natural":"tree_row"}},"category_id":12,"category_name":"Urban_green","id":9510,"image_id":196,"iscrowd":0},{"area":705,"assist":{"category":{"description":"城市绿地","id":12,"name":"Urban_green"},"tags":{"natural":"tree_row"}},"category_id":12,"category_name":"Urban_green","id":9511,"image_id":196,"iscrowd":0},{"area":678,"assist":{"category":{"description":"普通公路","id":3,"name":"Ordinary_highway"},"tags":{"highway":"service"}},"category_id":3,"category_name":"Ordinary_highway","id":9512,"image_id":196,"iscrowd":0}],"categories":{"Buildings":105696,"Meadow":2516,"Ordinary_highway":43250,"River":0,"Urban_green":7884},"center":[116.40151979159384,39.907102708283674],"extent":{"xmax":116.40220643710175,"xmin":116.40083314608594,"ymax":39.90762942418445,"ymin":39.9065759923829},"file_name":"high/19_198660_431665.jpg","height":512,"id":196,"ins_file_name":"high/19_198660_431665.png","level":19,"seg_file_name":"high/19_198660_431665.png","tags":[{"building":"yes","pixel":105696},{"highway":"primary","pixel":14503},{"highway":"service","pixel":15940},{"landuse":"grass","pixel":2926},{"natural":"tree_row","pixel":1677},{"pixel":0,"waterway":"river"}],"valid_ratio":0.6078567504882813,"width":512}