{"annotations":[{"area":140634,"assist":{"category":{"description":"城市绿地","id":12,"name":"Urban_green"},"tags":{"leisure":"park","name":"中山公园","name:de":"Zhongshan-Garten","name:en":"Zhongshan garden","name:fr":"Jardin zhōngshān","name:ru":"парк Чжуншань","name:zh":"中山公园","name:zh-Hans":"中山公园","name:zh-Hant":"中山公園","name:zh-Latn-pinyin":"Zhōngshān Gōngyuán","type":"multipolygon","wikidata":"Q970561","wikimedia_commons":"Category:Zhongshan Park (Beijing)","wikipedia":"zh:北京中山公园"}},"category_id":12,"category_name":"Urban_green","id":15954,"image_id":692,"iscrowd":0},{"area":100829,"assist":{"category":{"description":"建筑","id":15,"name":"Buildings"},"tags":{"amenity":"concert_hall","building":"yes","name":"中山公园音乐堂","name:ru":"концертный зал парка Чжуншань","name:vi":"Nhà hát Công viên Trung Sơn","name:zh":"中山公园音乐堂","name:zh-Hans":"中山公园音乐堂","name:zh-Hant":"中山公園音樂堂","name:zh-Latn-pinyin":"Zhōngshān Gōngyuán Yīnyuètáng","wikidata":"Q5467326","wikimedia_commons":"Category:Forbidden City Concert Hall","wikipedia":"en:Forbidden City Concert Hall"}},"category_id":15,"category_name":"Buildings","id":15955,"image_id":692,"iscrowd":0},{"area":0,"assist":{"category":{"description":"河流","id":4,"name":"River"},"tags":{"layer":"-1","name":"护城河（已盖板）","tunnel":"culvert","waterway":"river"}},"category_id":4,"category_name":"River","id":15956,"image_id":692,"iscrowd":0}],"categories":{"Buildings":100829,"River":0,"Urban_green":140634},"center":[116.38984681795941,39.909472890353214],"extent":{"xmax":116.39019014071336,"xmin":116.38950349520545,"ymax":39.909736239191915,"ymin":39.909209541514514},"file_name":"high/20_397312_863297.jpg","height":512,"id":692,"ins_file_name":"high/20_397312_863297.png","level":20,"seg_file_name":"high/20_397312_863297.png","tags":[{"building":"yes","pixel":100829},{"leisure":"park","pixel":140634},{"pixel":0,"waterway":"river"}],"valid_ratio":0.9211082458496094,"width":512}