{"annotations":[{"area":58560,"assist":{"category":{"description":"建筑","id":15,"name":"Buildings"},"tags":{"building":"yes"}},"category_id":15,"category_name":"Buildings","id":10167,"image_id":250,"iscrowd":0},{"area":31655,"assist":{"category":{"description":"建筑","id":15,"name":"Buildings"},"tags":{"building":"yes"}},"category_id":15,"category_name":"Buildings","id":10168,"image_id":250,"iscrowd":0},{"area":0,"assist":{"category":{"description":"河流","id":4,"name":"River"},"tags":{"layer":"-1","name":"护城河（已盖板）","tunnel":"culvert","waterway":"river"}},"category_id":4,"category_name":"River","id":10169,"image_id":250,"iscrowd":0},{"area":20877,"assist":{"category":{"description":"普通公路","id":3,"name":"Ordinary_highway"},"tags":{"highway":"secondary","name":"王府井大街","name:en":"Wangfujing Street","name:zh":"王府井大街","oneway":"yes","trolley_wire":"yes"}},"category_id":3,"category_name":"Ordinary_highway","id":10170,"image_id":250,"iscrowd":0},{"area":14336,"assist":{"category":{"description":"普通公路","id":3,"name":"Ordinary_highway"},"tags":{"highway":"residential","name":"东厂胡同","name:en":"Dongchang Alley"}},"category_id":3,"category_name":"Ordinary_highway","id":10171,"image_id":250,"iscrowd":0}],"categories":{"Buildings":90215,"Ordinary_highway":55130,"River":0},"center":[116.40426637362546,39.92105925921149],"extent":{"xmax":116.40460969637941,"xmin":116.40392305087151,"ymax":39.92132256350217,"ymin":39.920795954920806},"file_name":"high/20_397268_863339.jpg","height":512,"id":250,"ins_file_name":"high/20_397268_863339.png","level":20,"seg_file_name":"high/20_397268_863339.png","tags":[{"building":"yes","pixel":90215},{"highway":"residential","pixel":14336},{"highway":"secondary","pixel":20877},{"pixel":0,"waterway":"river"}],"valid_ratio":0.5544471740722656,"width":512}