{"annotations":[{"area":0,"assist":{"category":{"description":"湖泊","id":5,"name":"Lake"},"tags":{"ele":"75","intermittent":"no","name":"Lake Ontario","name:ar":"بحيرة أونتاريو","name:be":"Возера Антарыа","name:cr":"ᑭᐦᒋ ᓵᑲᐦᐃᑲᐣ","name:crk":"kihci-sâkahikan","name:cs":"Ontarijské jezero","name:de":"Ontariosee","name:es":"Lago Ontario","name:fa":"دریاچه انتاریو","name:fr":"Lac Ontario","name:he":"ימת אונטריו","name:hu":"Ontarió-tó","name:lt":"Ontarijo ežeras","name:moh":"Oniatarí:io","name:oj":"Niigani-gichigami","name:pl":"Jezioro Ontario","name:ru":"озеро Онтарио","name:sk":"Ontárijské jazero","name:te":"ఒన్ టారియో","name:zh":"安大略湖","name:zh-Hans":"安大略湖","natural":"water","note":"If editing please make sure outer is intact and all islands are inner","salt":"no","sqkm":"19011","tidal":"no","type":"multipolygon","water":"lake","wikidata":"Q1062","wikipedia":"en:Lake Ontario"}},"category_id":5,"category_name":"Lake","id":2620,"image_id":478,"iscrowd":0},{"area":133376,"assist":{"category":{"description":"林地","id":11,"name":"Forest"},"tags":{"natural":"wood"}},"category_id":11,"category_name":"Forest","id":2621,"image_id":478,"iscrowd":0},{"area":0,"assist":{"category":{"description":"普通公路","id":3,"name":"Ordinary_highway"},"tags":{"highway":"secondary","name":"North Ridge Road","name_1":"State Highway 93","ref":"NY 93","tiger:cfcc":"A31","tiger:county":"Niagara, NY","tiger:name_base":"North Ridge","tiger:name_base_1":"State Highway 93","tiger:name_type":"Rd","tiger:reviewed":"no","tiger:zip_left":"14094","tiger:zip_right":"14094"}},"category_id":3,"category_name":"Ordinary_highway","id":2622,"image_id":478,"iscrowd":0}],"categories":{"Forest":133376,"Lake":0,"Ordinary_highway":0},"center":[-78.87702942992509,43.211181531235084],"extent":{"xmax":-78.87634278441718,"xmin":-78.877716075433,"ymax":43.21168198252829,"ymin":43.21068107994188},"file_name":"high/19_192227_147270.jpg","height":512,"id":478,"ins_file_name":"high/19_192227_147270.png","level":19,"seg_file_name":"high/19_192227_147270.png","tags":[{"highway":"secondary","pixel":0},{"natural":"wood","pixel":133376},{"pixel":0,"water":"lake"}],"valid_ratio":0.5087890625,"width":512}