{"annotations":[{"area":0,"assist":{"category":{"description":"湖泊","id":5,"name":"Lake"},"tags":{"ele":"75","intermittent":"no","name":"Lake Ontario","name:ar":"بحيرة أونتاريو","name:be":"Возера Антарыа","name:cr":"ᑭᐦᒋ ᓵᑲᐦᐃᑲᐣ","name:crk":"kihci-sâkahikan","name:cs":"Ontarijské jezero","name:de":"Ontariosee","name:es":"Lago Ontario","name:fa":"دریاچه انتاریو","name:fr":"Lac Ontario","name:he":"ימת אונטריו","name:hu":"Ontarió-tó","name:lt":"Ontarijo ežeras","name:moh":"Oniatarí:io","name:oj":"Niigani-gichigami","name:pl":"Jezioro Ontario","name:ru":"озеро Онтарио","name:sk":"Ontárijské jazero","name:te":"ఒన్ టారియో","name:zh":"安大略湖","name:zh-Hans":"安大略湖","natural":"water","note":"If editing please make sure outer is intact and all islands are inner","salt":"no","sqkm":"19011","tidal":"no","type":"multipolygon","water":"lake","wikidata":"Q1062","wikipedia":"en:Lake Ontario"}},"category_id":5,"category_name":"Lake","id":10247,"image_id":2646,"iscrowd":0},{"area":262144,"assist":{"category":{"description":"林地","id":11,"name":"Forest"},"tags":{"natural":"wood"}},"category_id":11,"category_name":"Forest","id":10248,"image_id":2646,"iscrowd":0},{"area":0,"assist":{"category":{"description":"普通公路","id":3,"name":"Ordinary_highway"},"tags":{"hgv":"designated","hgv:state_network":"yes","highway":"secondary","lanes":"2","name":"Ridge Road","old_ref":"US 104","ref":"NY 104","source:hgv:state_network":"NYSDOT https://www.dot.ny.gov/divisions/operating/oom/transportation-systems/repository/2010%20trk%20access%20bk.pdf","tiger:cfcc":"A21","tiger:county":"Niagara, NY","tiger:name_base":"Ridge","tiger:name_base_1":"State Highway 104","tiger:name_type":"Rd","tiger:zip_left":"14094","tiger:zip_right":"14094"}},"category_id":3,"category_name":"Ordinary_highway","id":10249,"image_id":2646,"iscrowd":0}],"categories":{"Forest":262144,"Lake":0,"Ordinary_highway":0},"center":[-78.84063721800595,43.20492557079588],"extent":{"xmax":-78.840293895252,"xmin":-78.84098054075992,"ymax":43.20517582210755,"ymin":43.20467531948421},"file_name":"high/20_384480_294647.jpg","height":512,"id":2646,"ins_file_name":"high/20_384480_294647.png","level":20,"seg_file_name":"high/20_384480_294647.png","tags":[{"highway":"secondary","pixel":0},{"natural":"wood","pixel":262144},{"pixel":0,"water":"lake"}],"valid_ratio":1.0,"width":512}