{"annotations":[{"area":262144,"assist":{"category":{"description":"林地","id":11,"name":"Forest"},"tags":{"natural":"wood"}},"category_id":11,"category_name":"Forest","id":14992,"image_id":4175,"iscrowd":0},{"area":0,"assist":{"category":{"description":"铁路","id":1,"name":"Railway"},"tags":{"electrified":"no","gauge":"1435","name":"Lockport Subdivision","old_railway_operator":"NYC","operator":"CSX Transportation","operator:wikidata":"Q856783","railway":"rail","tiger:cfcc":"B11","tiger:county":"Niagara, NY","tiger:name_base":"Falls Rd Railroad","usage":"branch"}},"category_id":1,"category_name":"Railway","id":14993,"image_id":4175,"iscrowd":0}],"categories":{"Forest":262144,"Railway":0},"center":[-78.82553101683197,43.15585659557097],"extent":{"xmax":-78.82518769407802,"xmin":-78.82587433958592,"ymax":43.156107048084465,"ymin":43.15560614305747},"file_name":"high/20_384676_294691.jpg","height":512,"id":4175,"ins_file_name":"high/20_384676_294691.png","level":20,"seg_file_name":"high/20_384676_294691.png","tags":[{"natural":"wood","pixel":262144},{"pixel":0,"railway":"rail"}],"valid_ratio":1.0,"width":512}