{"annotations":[{"area":0,"assist":{"category":{"description":"体育场地","id":33,"name":"Sport_field"},"tags":{"leisure":"track","name":"Saratoga Race Course - Main Track","sport":"horse_racing","type":"multipolygon"}},"category_id":33,"category_name":"Sport_field","id":28448,"image_id":2453,"iscrowd":0},{"area":262144,"assist":{"category":{"description":"体育场地","id":33,"name":"Sport_field"},"tags":{"leisure":"sports_centre","name":"Saratoga Race Course","source":"Bing","sport":"horse_racing"}},"category_id":33,"category_name":"Sport_field","id":28449,"image_id":2453,"iscrowd":0},{"area":31577,"assist":{"category":{"description":"建筑","id":15,"name":"Buildings"},"tags":{"building":"yes"}},"category_id":15,"category_name":"Buildings","id":28450,"image_id":2453,"iscrowd":0},{"area":18872,"assist":{"category":{"description":"建筑","id":15,"name":"Buildings"},"tags":{"building":"yes"}},"category_id":15,"category_name":"Buildings","id":28451,"image_id":2453,"iscrowd":0},{"area":0,"assist":{"category":{"description":"高速公路","id":2,"name":"Motorway"},"tags":{"bicycle":"no","foot":"no","hgv":"designated","highway":"motorway","horse":"no","lanes":"3","maxspeed":"65 mph","name":"Adirondack Northway","oneway":"yes","ref":"I 87","surface":"asphalt","tiger:cfcc":"A17","tiger:county":"Saratoga, NY","tiger:name_base":"I-87","tiger:name_base_1":"Adirondack Northway"}},"category_id":2,"category_name":"Motorway","id":28452,"image_id":2453,"iscrowd":0},{"area":0,"assist":{"category":{"description":"高速公路","id":2,"name":"Motorway"},"tags":{"bicycle":"no","foot":"no","hgv":"designated","highway":"motorway","horse":"no","lanes":"3","maxspeed":"65 mph","name":"Adirondack Northway","oneway":"yes","ref":"I 87","surface":"asphalt","tiger:cfcc":"A15","tiger:county":"Saratoga, NY","tiger:name_base":"I-87","tiger:name_base_1":"Adirondack Northway"}},"category_id":2,"category_name":"Motorway","id":28453,"image_id":2453,"iscrowd":0},{"area":0,"assist":{"category":{"description":"普通公路","id":3,"name":"Ordinary_highway"},"tags":{"highway":"tertiary","name":"Nelson Avenue","tiger:cfcc":"A41","tiger:county":"Saratoga, NY","tiger:name_base":"Nelson","tiger:name_type":"Ave","tiger:zip_left":"12866","tiger:zip_right":"12866"}},"category_id":3,"category_name":"Ordinary_highway","id":28454,"image_id":2453,"iscrowd":0},{"area":0,"assist":{"category":{"description":"普通公路","id":3,"name":"Ordinary_highway"},"tags":{"access":"private","highway":"service","tiger:cfcc":"A41","tiger:county":"Saratoga, NY","tiger:reviewed":"no"}},"category_id":3,"category_name":"Ordinary_highway","id":28455,"image_id":2453,"iscrowd":0},{"area":59,"assist":{"category":{"description":"普通公路","id":3,"name":"Ordinary_highway"},"tags":{"access":"private","highway":"service","tiger:cfcc":"A41","tiger:county":"Saratoga, NY","tiger:reviewed":"no","tiger:separated":"no","tiger:source":"tiger_import_dch_v0.6_20070829","tiger:tlid":"18765778:18797758:18765740","tiger:upload_uuid":"bulk_upload.pl-82556092-873a-484a-926e-d068451b1d3e"}},"category_id":3,"category_name":"Ordinary_highway","id":28456,"image_id":2453,"iscrowd":0},{"area":5903,"assist":{"category":{"description":"普通公路","id":3,"name":"Ordinary_highway"},"tags":{"highway":"service"}},"category_id":3,"category_name":"Ordinary_highway","id":28457,"image_id":2453,"iscrowd":0},{"area":29538,"assist":{"category":{"description":"普通公路","id":3,"name":"Ordinary_highway"},"tags":{"access":"private","highway":"service","tiger:cfcc":"A41","tiger:county":"Saratoga, NY","tiger:reviewed":"no"}},"category_id":3,"category_name":"Ordinary_highway","id":28458,"image_id":2453,"iscrowd":0},{"area":5764,"assist":{"category":{"description":"普通公路","id":3,"name":"Ordinary_highway"},"tags":{"access":"private","highway":"service","tiger:cfcc":"A74","tiger:county":"Saratoga, NY","tiger:reviewed":"no"}},"category_id":3,"category_name":"Ordinary_highway","id":28459,"image_id":2453,"iscrowd":0}],"categories":{"Buildings":50449,"Motorway":0,"Ordinary_highway":37078,"Sport_field":174617},"center":[-73.77010346485872,43.06863696933745],"extent":{"xmax":-73.76976014210477,"xmin":-73.77044678761268,"ymax":43.06888777903171,"ymin":43.06838615964318},"file_name":"high/20_385024_309416.jpg","height":512,"id":2453,"ins_file_name":"high/20_385024_309416.png","level":20,"seg_file_name":"high/20_385024_309416.png","tags":[{"building":"yes","pixel":50449},{"highway":"motorway","pixel":0},{"highway":"service","pixel":41264},{"highway":"tertiary","pixel":0},{"leisure":"sports_centre","pixel":262144},{"leisure":"track","pixel":0}],"valid_ratio":1.0,"width":512}