{"annotations":[{"area":0,"assist":{"category":{"description":"体育场地","id":33,"name":"Sport_field"},"tags":{"leisure":"track","name":"Saratoga Race Course - Main Track","sport":"horse_racing","type":"multipolygon"}},"category_id":33,"category_name":"Sport_field","id":27280,"image_id":2255,"iscrowd":0},{"area":262144,"assist":{"category":{"description":"体育场地","id":33,"name":"Sport_field"},"tags":{"leisure":"sports_centre","name":"Saratoga Race Course","source":"Bing","sport":"horse_racing"}},"category_id":33,"category_name":"Sport_field","id":27281,"image_id":2255,"iscrowd":0},{"area":262144,"assist":{"category":{"description":"草地","id":13,"name":"Meadow"},"tags":{"landuse":"grass","source":"bing"}},"category_id":13,"category_name":"Meadow","id":27282,"image_id":2255,"iscrowd":0},{"area":0,"assist":{"category":{"description":"高速公路","id":2,"name":"Motorway"},"tags":{"bicycle":"no","foot":"no","hgv":"designated","highway":"motorway","horse":"no","lanes":"3","maxspeed":"65 mph","name":"Adirondack Northway","oneway":"yes","ref":"I 87","surface":"asphalt","tiger:cfcc":"A17","tiger:county":"Saratoga, NY","tiger:name_base":"I-87","tiger:name_base_1":"Adirondack Northway"}},"category_id":2,"category_name":"Motorway","id":27283,"image_id":2255,"iscrowd":0},{"area":0,"assist":{"category":{"description":"高速公路","id":2,"name":"Motorway"},"tags":{"bicycle":"no","foot":"no","hgv":"designated","highway":"motorway","horse":"no","lanes":"3","maxspeed":"65 mph","name":"Adirondack Northway","oneway":"yes","ref":"I 87","surface":"asphalt","tiger:cfcc":"A15","tiger:county":"Saratoga, NY","tiger:name_base":"I-87","tiger:name_base_1":"Adirondack Northway"}},"category_id":2,"category_name":"Motorway","id":27284,"image_id":2255,"iscrowd":0},{"area":0,"assist":{"category":{"description":"普通公路","id":3,"name":"Ordinary_highway"},"tags":{"access":"private","highway":"service","tiger:cfcc":"A41","tiger:county":"Saratoga, NY","tiger:reviewed":"no","tiger:separated":"no","tiger:source":"tiger_import_dch_v0.6_20070829","tiger:tlid":"18765778:18797758:18765740","tiger:upload_uuid":"bulk_upload.pl-82556092-873a-484a-926e-d068451b1d3e"}},"category_id":3,"category_name":"Ordinary_highway","id":27285,"image_id":2255,"iscrowd":0}],"categories":{"Meadow":262144,"Motorway":0,"Ordinary_highway":0,"Sport_field":0},"center":[-73.7673568828271,43.071646611776515],"extent":{"xmax":-73.76701356007314,"xmin":-73.76770020558105,"ymax":43.07189740915541,"ymin":43.07139581439762},"file_name":"high/20_385012_309424.jpg","height":512,"id":2255,"ins_file_name":"high/20_385012_309424.png","level":20,"seg_file_name":"high/20_385012_309424.png","tags":[{"highway":"motorway","pixel":0},{"highway":"service","pixel":0},{"landuse":"grass","pixel":262144},{"leisure":"sports_centre","pixel":262144},{"leisure":"track","pixel":0}],"valid_ratio":1.0,"width":512}