{"annotations":[{"area":147346,"assist":{"category":{"description":"湖泊","id":5,"name":"Lake"},"tags":{"natural":"water","water":"pond"}},"category_id":5,"category_name":"Lake","id":35157,"image_id":3847,"iscrowd":0},{"area":0,"assist":{"category":{"description":"普通公路","id":3,"name":"Ordinary_highway"},"tags":{"highway":"residential","name":"Columbia Avenue","tiger:cfcc":"A41","tiger:county":"Saratoga, NY","tiger:name_base":"Columbia","tiger:name_type":"Ave","tiger:reviewed":"no","tiger:zip_left":"12866","tiger:zip_right":"12866"}},"category_id":3,"category_name":"Ordinary_highway","id":35158,"image_id":3847,"iscrowd":0}],"categories":{"Lake":147346,"Ordinary_highway":0},"center":[-73.79894257619085,43.04455450969026],"extent":{"xmax":-73.7985992534369,"xmin":-73.79928589894482,"ymax":43.04480541790437,"ymin":43.044303601476145},"file_name":"high/20_385120_309332.jpg","height":512,"id":3847,"ins_file_name":"high/20_385120_309332.png","level":20,"seg_file_name":"high/20_385120_309332.png","tags":[{"highway":"residential","pixel":0},{"natural":"water","pixel":147346}],"valid_ratio":0.5620803833007813,"width":512}