{"annotations":[{"area":0,"assist":{"category":{"description":"岛屿","id":8,"name":"Island"},"tags":{"alt_name:ru":"сотров Манхаттан","name":"Manhattan Island","name:cs":"Manhattan","name:he":"מנהטן","name:hr":"Manhattan","name:ru":"остров Манхэттен","place":"island","type":"multipolygon","wikidata":"Q15063317","wikipedia":"en:Manhattan"}},"category_id":8,"category_name":"Island","id":3182996,"image_id":30923,"iscrowd":0},{"area":0,"assist":{"category":{"description":"河流","id":4,"name":"River"},"tags":{"natural":"water","type":"multipolygon","water":"river"}},"category_id":4,"category_name":"River","id":3182997,"image_id":30923,"iscrowd":0},{"area":0,"assist":{"category":{"description":"河流","id":4,"name":"River"},"tags":{"intermittent":"no","natural":"water","water":"river"}},"category_id":4,"category_name":"River","id":3182998,"image_id":30923,"iscrowd":0},{"area":88393,"assist":{"category":{"description":"建筑","id":15,"name":"Buildings"},"tags":{"building":"yes","building:levels":"4","name":"The Greenpoint","source":"Mapbox","wikidata":"Q29469324"}},"category_id":15,"category_name":"Buildings","id":3182999,"image_id":30923,"iscrowd":0},{"area":38998,"assist":{"category":{"description":"建筑","id":15,"name":"Buildings"},"tags":{"building":"yes","building:levels":"6","source":"Mapbox"}},"category_id":15,"category_name":"Buildings","id":3183000,"image_id":30923,"iscrowd":0},{"area":9824,"assist":{"category":{"description":"建筑","id":15,"name":"Buildings"},"tags":{"building":"yes","building:levels":"39","height":"120","source":"Mapbox"}},"category_id":15,"category_name":"Buildings","id":3183001,"image_id":30923,"iscrowd":0},{"area":0,"assist":{"category":{"description":"河流","id":4,"name":"River"},"tags":{"boat":"yes","canoe":"yes","canoe:description":"Paddlers should avoid the ship channel when possible and stay alert for rough and changing conditions.","deep_draft":"yes","motorboat":"yes","name":"Hudson River","name:es":"Río Hudson","ship":"yes","source":"ywms","source:deep_draft":"National Transportation Atlas Database 2011","waterway":"river"}},"category_id":4,"category_name":"River","id":3183002,"image_id":30923,"iscrowd":0},{"area":0,"assist":{"category":{"description":"河流","id":4,"name":"River"},"tags":{"intermittent":"no","name":"Newtown Creek","waterway":"river"}},"category_id":4,"category_name":"River","id":3183003,"image_id":30923,"iscrowd":0},{"area":15097,"assist":{"category":{"description":"普通公路","id":3,"name":"Ordinary_highway"},"tags":{"highway":"residential","lanes":"2","maxspeed":"25 mph","name":"Huron Street","oneway":"no","sidewalk:left":"separate","sidewalk:right":"no","surface":"asphalt","tiger:cfcc":"A41","tiger:county":"Kings, NY","tiger:name_base":"Huron","tiger:name_type":"St","tiger:reviewed":"no","tiger:zip_left":"11222","tiger:zip_right":"11222"}},"category_id":3,"category_name":"Ordinary_highway","id":3183004,"image_id":30923,"iscrowd":0},{"area":14918,"assist":{"category":{"description":"普通公路","id":3,"name":"Ordinary_highway"},"tags":{"highway":"residential","lanes":"2","maxspeed":"25 mph","name":"India Street","oneway":"no","sidewalk:left":"separate","sidewalk:right":"no","surface":"asphalt","tiger:cfcc":"A41","tiger:county":"Kings, NY","tiger:name_base":"India","tiger:name_type":"St","tiger:reviewed":"no","tiger:zip_left":"11222","tiger:zip_right":"11222"}},"category_id":3,"category_name":"Ordinary_highway","id":3183005,"image_id":30923,"iscrowd":0}],"categories":{"Buildings":127391,"Island":0,"Ordinary_highway":30172,"River":0},"center":[-73.96064759330321,40.73216945294445],"extent":{"xmax":-73.95996094779531,"xmin":-73.96133423881112,"ymax":40.732689770997865,"ymin":40.73164913489103},"file_name":"high/19_197084_154430.jpg","height":512,"id":30923,"ins_file_name":"high/19_197084_154430.png","level":19,"seg_file_name":"high/19_197084_154430.png","tags":[{"building":"yes","pixel":137215},{"highway":"residential","pixel":30015},{"pixel":0,"place":"island"},{"pixel":0,"water":"river"},{"pixel":0,"waterway":"river"}],"valid_ratio":0.6010551452636719,"width":512}