{"annotations":[{"area":262144,"assist":{"category":{"description":"岛屿","id":8,"name":"Island"},"tags":{"alt_name:ru":"сотров Манхаттан","name":"Manhattan Island","name:cs":"Manhattan","name:he":"מנהטן","name:hr":"Manhattan","name:ru":"остров Манхэттен","place":"island","type":"multipolygon","wikidata":"Q15063317","wikipedia":"en:Manhattan"}},"category_id":8,"category_name":"Island","id":3951985,"image_id":70154,"iscrowd":0},{"area":0,"assist":{"category":{"description":"林地","id":11,"name":"Forest"},"tags":{"natural":"wood","type":"multipolygon"}},"category_id":11,"category_name":"Forest","id":3951986,"image_id":70154,"iscrowd":0},{"area":0,"assist":{"category":{"description":"河流","id":4,"name":"River"},"tags":{"name":"Harlem River","natural":"water","type":"multipolygon","water":"river"}},"category_id":4,"category_name":"River","id":3951987,"image_id":70154,"iscrowd":0},{"area":0,"assist":{"category":{"description":"建筑","id":15,"name":"Buildings"},"tags":{"addr:housenumber":"3935","addr:postcode":"10034","addr:street":"10th Avenue","building":"yes","height":"15.1","name":"207th Street Yard Maintenance Facility","nycdoitt:bin":"1084721"}},"category_id":15,"category_name":"Buildings","id":3951988,"image_id":70154,"iscrowd":0},{"area":17297,"assist":{"category":{"description":"建筑","id":15,"name":"Buildings"},"tags":{"addr:housenumber":"512","addr:postcode":"10034","addr:street":"West 212th Street","amenity":"school","building":"yes","ele":"9","gnis:county_id":"061","gnis:created":"01/23/1980","gnis:edited":"09/01/2005","gnis:feature_id":"961931","gnis:state_id":"36","height":"29.1","name":"Public School 98","nycdoitt:bin":"1064871"}},"category_id":15,"category_name":"Buildings","id":3951989,"image_id":70154,"iscrowd":0},{"area":479,"assist":{"category":{"description":"停车场","id":17,"name":"Parking_lot"},"tags":{"amenity":"parking"}},"category_id":17,"category_name":"Parking_lot","id":3951990,"image_id":70154,"iscrowd":0},{"area":11167,"assist":{"category":{"description":"建筑","id":15,"name":"Buildings"},"tags":{"building":"yes","height":"21.4","nycdoitt:bin":"1064874"}},"category_id":15,"category_name":"Buildings","id":3951991,"image_id":70154,"iscrowd":0},{"area":1709,"assist":{"category":{"description":"建筑","id":15,"name":"Buildings"},"tags":{"addr:housenumber":"514","addr:postcode":"10034","addr:street":"West 213th Street","building":"yes","height":"17.4","nycdoitt:bin":"1064876"}},"category_id":15,"category_name":"Buildings","id":3951992,"image_id":70154,"iscrowd":0},{"area":47470,"assist":{"category":{"description":"建筑","id":15,"name":"Buildings"},"tags":{"addr:housenumber":"517","addr:postcode":"10034","addr:street":"West 212th Street","building":"yes","height":"16.8","nycdoitt:bin":"1064882"}},"category_id":15,"category_name":"Buildings","id":3951993,"image_id":70154,"iscrowd":0},{"area":33536,"assist":{"category":{"description":"建筑","id":15,"name":"Buildings"},"tags":{"addr:housenumber":"509","addr:postcode":"10034","addr:street":"West 212th Street","building":"yes","height":"17.9","nycdoitt:bin":"1064881"}},"category_id":15,"category_name":"Buildings","id":3951994,"image_id":70154,"iscrowd":0},{"area":3747,"assist":{"category":{"description":"建筑","id":15,"name":"Buildings"},"tags":{"addr:housenumber":"506","addr:postcode":"10034","addr:street":"West 213th Street","building":"yes","height":"17.7","nycdoitt:bin":"1064877"}},"category_id":15,"category_name":"Buildings","id":3951995,"image_id":70154,"iscrowd":0},{"area":0,"assist":{"category":{"description":"铁路","id":1,"name":"Railway"},"tags":{"electrified":"rail","frequency":"0","gauge":"1435","maxspeed":"60 mph","name":"Hudson Line","old_railway_operator":"NYC","operator":"Metro-North Commuter Railroad","operator:wikidata":"Q125908","owner":"Metropolitan Transportation Authority","railway":"rail","railway:preferred_direction":"forward","railway:ptc":"yes","railway:track_ref":"2","usage":"main","voltage":"700"}},"category_id":1,"category_name":"Railway","id":3951996,"image_id":70154,"iscrowd":0},{"area":0,"assist":{"category":{"description":"普通公路","id":3,"name":"Ordinary_highway"},"tags":{"hgv":"local","highway":"primary","lanes":"4","name":"Broadway","name:ru":"Бродвей","oneway":"no","ref":"US 9","tiger:cfcc":"A21","tiger:county":"New York, NY","tiger:name_base":"Broadway","tiger:name_base_1":"United States Highway 9","tiger:reviewed":"no","tiger:zip_left":"10034","tiger:zip_right":"10463","wikidata":"Q11260","wikipedia":"en:Broadway (Manhattan)"}},"category_id":3,"category_name":"Ordinary_highway","id":3951997,"image_id":70154,"iscrowd":0},{"area":0,"assist":{"category":{"description":"普通公路","id":3,"name":"Ordinary_highway"},"tags":{"hgv":"local","highway":"primary","name":"10th Avenue","name_1":"10 Avenue","network":"lcn","oneway":"no","route":"bicycle","sidewalk":"separate","tiger:cfcc":"A41","tiger:county":"New York, NY","tiger:name_base":"10th","tiger:name_base_1":"10","tiger:name_type":"Ave","tiger:name_type_1":"Ave","tiger:reviewed":"no","tiger:zip_left":"10034","tiger:zip_right":"10034","wikidata":"Q130388","wikipedia":"en:Tenth Avenue (Manhattan)"}},"category_id":3,"category_name":"Ordinary_highway","id":3951998,"image_id":70154,"iscrowd":0},{"area":0,"assist":{"category":{"description":"普通公路","id":3,"name":"Ordinary_highway"},"tags":{"highway":"tertiary","name":"West 211th Street","name_1":"West 211 Street","oneway":"yes","tiger:cfcc":"A41","tiger:county":"New York, NY","tiger:name_base":"211th","tiger:name_base_1":"211","tiger:name_direction_prefix":"W","tiger:name_direction_prefix_1":"W","tiger:name_type":"St","tiger:name_type_1":"St","tiger:reviewed":"no","tiger:zip_left":"10034","tiger:zip_right":"10034"}},"category_id":3,"category_name":"Ordinary_highway","id":3951999,"image_id":70154,"iscrowd":0},{"area":33275,"assist":{"category":{"description":"普通公路","id":3,"name":"Ordinary_highway"},"tags":{"highway":"residential","name":"West 212th Street","name_1":"West 212 Street","oneway":"yes","tiger:cfcc":"A41","tiger:county":"New York, NY","tiger:name_base":"212th","tiger:name_base_1":"212","tiger:name_direction_prefix":"W","tiger:name_direction_prefix_1":"W","tiger:name_type":"St","tiger:name_type_1":"St","tiger:reviewed":"no","tiger:zip_left":"10034","tiger:zip_right":"10034"}},"category_id":3,"category_name":"Ordinary_highway","id":3952000,"image_id":70154,"iscrowd":0},{"area":0,"assist":{"category":{"description":"普通公路","id":3,"name":"Ordinary_highway"},"tags":{"highway":"residential","name":"West 213th Street","name_1":"West 213 Street","oneway":"yes","tiger:cfcc":"A41","tiger:county":"New York, NY","tiger:name_base":"213th","tiger:name_base_1":"213","tiger:name_direction_prefix":"W","tiger:name_direction_prefix_1":"W","tiger:name_type":"St","tiger:name_type_1":"St","tiger:reviewed":"no","tiger:zip_left":"10034","tiger:zip_right":"10034"}},"category_id":3,"category_name":"Ordinary_highway","id":3952001,"image_id":70154,"iscrowd":0}],"categories":{"Buildings":114926,"Forest":0,"Island":113464,"Ordinary_highway":33275,"Parking_lot":479,"Railway":0,"River":0},"center":[-73.91738892630501,40.86809347293895],"extent":{"xmax":-73.91704560355106,"xmin":-73.91773224905896,"ymax":40.86835309977158,"ymin":40.86783384610632},"file_name":"high/20_393646_308987.jpg","height":512,"id":70154,"ins_file_name":"high/20_393646_308987.png","level":20,"seg_file_name":"high/20_393646_308987.png","tags":[{"amenity":"parking","pixel":479},{"building":"yes","pixel":114926},{"highway":"primary","pixel":0},{"highway":"residential","pixel":33275},{"highway":"tertiary","pixel":0},{"natural":"wood","pixel":0},{"pixel":262144,"place":"island"},{"pixel":0,"railway":"rail"},{"pixel":0,"water":"river"}],"valid_ratio":1.0,"width":512}