{"annotations":[{"area":0,"assist":{"category":{"description":"海洋","id":7,"name":"Sea"},"tags":{"name":"Lower New York Bay","name:en":"Lower New York Bay","name:ru":"бухта Лоуэр-Нью-Йорк-Бей","natural":"bay","type":"multipolygon","wikidata":"Q1294277","wikipedia":"en:Lower New York Bay"}},"category_id":7,"category_name":"Sea","id":5529250,"image_id":206344,"iscrowd":0},{"area":262144,"assist":{"category":{"description":"岛屿","id":8,"name":"Island"},"tags":{"name":"Coney Island","name:en":"Coney Island","natural":"peninsula","type":"multipolygon","wikidata":"Q116970140"}},"category_id":8,"category_name":"Island","id":5529251,"image_id":206344,"iscrowd":0},{"area":593,"assist":{"category":{"description":"建筑","id":15,"name":"Buildings"},"tags":{"addr:housenumber":"3029","addr:postcode":"11235","addr:street":"Brighton 4th Street","building":"apartments","building:levels":"2","height":"9.4","nycdoitt:bin":"3244853","roof:levels":"0"}},"category_id":15,"category_name":"Buildings","id":5529252,"image_id":206344,"iscrowd":0},{"area":10738,"assist":{"category":{"description":"建筑","id":15,"name":"Buildings"},"tags":{"addr:housenumber":"3049","addr:postcode":"11235","addr:street":"Brighton 4th Street","building":"apartments","building:levels":"2","height":"9.4","nycdoitt:bin":"3244847","roof:levels":"0"}},"category_id":15,"category_name":"Buildings","id":5529253,"image_id":206344,"iscrowd":0},{"area":10548,"assist":{"category":{"description":"建筑","id":15,"name":"Buildings"},"tags":{"addr:housenumber":"3039","addr:postcode":"11235","addr:street":"Brighton 4th Street","building":"apartments","building:levels":"2","height":"9.6","nycdoitt:bin":"3244850","roof:levels":"0"}},"category_id":15,"category_name":"Buildings","id":5529254,"image_id":206344,"iscrowd":0},{"area":3609,"assist":{"category":{"description":"建筑","id":15,"name":"Buildings"},"tags":{"addr:city":"Brooklyn","addr:housenumber":"3038","addr:postcode":"11235","addr:state":"NY","addr:street":"Brighton 5th Street","building":"detached","height":"9.4","nycdoitt:bin":"3244823"}},"category_id":15,"category_name":"Buildings","id":5529255,"image_id":206344,"iscrowd":0},{"area":9243,"assist":{"category":{"description":"建筑","id":15,"name":"Buildings"},"tags":{"addr:housenumber":"3045","addr:postcode":"11235","addr:street":"Brighton 4th Street","building":"apartments","building:levels":"2","height":"9.3","nycdoitt:bin":"3244848","roof:levels":"0"}},"category_id":15,"category_name":"Buildings","id":5529256,"image_id":206344,"iscrowd":0},{"area":8700,"assist":{"category":{"description":"建筑","id":15,"name":"Buildings"},"tags":{"addr:housenumber":"3031","addr:postcode":"11235","addr:street":"Brighton 4th Street","building":"apartments","building:levels":"2","height":"9.9","nycdoitt:bin":"3244852","roof:levels":"0"}},"category_id":15,"category_name":"Buildings","id":5529257,"image_id":206344,"iscrowd":0},{"area":8994,"assist":{"category":{"description":"建筑","id":15,"name":"Buildings"},"tags":{"addr:housenumber":"3035","addr:postcode":"11235","addr:street":"Brighton 4th Street","building":"apartments","building:levels":"2","height":"9.9","nycdoitt:bin":"3244851","roof:levels":"0"}},"category_id":15,"category_name":"Buildings","id":5529258,"image_id":206344,"iscrowd":0},{"area":2702,"assist":{"category":{"description":"建筑","id":15,"name":"Buildings"},"tags":{"addr:city":"Brooklyn","addr:housenumber":"3036","addr:postcode":"11235","addr:state":"NY","addr:street":"Brighton 5th Street","building":"detached","height":"10.0","nycdoitt:bin":"3244822"}},"category_id":15,"category_name":"Buildings","id":5529259,"image_id":206344,"iscrowd":0},{"area":1297,"assist":{"category":{"description":"建筑","id":15,"name":"Buildings"},"tags":{"addr:city":"Brooklyn","addr:housenumber":"3042","addr:postcode":"11235","addr:state":"NY","addr:street":"Brighton 5th Street","building":"detached","height":"9.6","nycdoitt:bin":"3244824"}},"category_id":15,"category_name":"Buildings","id":5529260,"image_id":206344,"iscrowd":0},{"area":231,"assist":{"category":{"description":"建筑","id":15,"name":"Buildings"},"tags":{"addr:city":"Brooklyn","addr:housenumber":"3046","addr:postcode":"11235","addr:state":"NY","addr:street":"Brighton 5th Street","building":"detached","height":"9.6","nycdoitt:bin":"3244825"}},"category_id":15,"category_name":"Buildings","id":5529261,"image_id":206344,"iscrowd":0},{"area":8268,"assist":{"category":{"description":"建筑","id":15,"name":"Buildings"},"tags":{"addr:housenumber":"3043","addr:postcode":"11235","addr:street":"Brighton 4th Street","building":"apartments","building:levels":"2","height":"9.6","nycdoitt:bin":"3244849","roof:levels":"0"}},"category_id":15,"category_name":"Buildings","id":5529262,"image_id":206344,"iscrowd":0},{"area":440,"assist":{"category":{"description":"建筑","id":15,"name":"Buildings"},"tags":{"addr:housenumber":"3048","addr:postcode":"11235","addr:street":"Brighton 4th Street","building":"house","building:levels":"2","height":"8.8","nycdoitt:bin":"3244798"}},"category_id":15,"category_name":"Buildings","id":5529263,"image_id":206344,"iscrowd":0},{"area":17,"assist":{"category":{"description":"建筑","id":15,"name":"Buildings"},"tags":{"addr:housenumber":"3057","addr:postcode":"11235","addr:street":"Brighton 4th Street","building":"yes","height":"9.1","nycdoitt:bin":"3244845"}},"category_id":15,"category_name":"Buildings","id":5529264,"image_id":206344,"iscrowd":0},{"area":3156,"assist":{"category":{"description":"建筑","id":15,"name":"Buildings"},"tags":{"building":"yes","height":"3.4","nycdoitt:bin":"3000000"}},"category_id":15,"category_name":"Buildings","id":5529265,"image_id":206344,"iscrowd":0},{"area":2359,"assist":{"category":{"description":"建筑","id":15,"name":"Buildings"},"tags":{"building":"yes","height":"3.4","nycdoitt:bin":"3000000"}},"category_id":15,"category_name":"Buildings","id":5529266,"image_id":206344,"iscrowd":0},{"area":2464,"assist":{"category":{"description":"建筑","id":15,"name":"Buildings"},"tags":{"building":"yes","height":"3.3","nycdoitt:bin":"3000000"}},"category_id":15,"category_name":"Buildings","id":5529267,"image_id":206344,"iscrowd":0},{"area":2268,"assist":{"category":{"description":"建筑","id":15,"name":"Buildings"},"tags":{"building":"yes","height":"3.3","nycdoitt:bin":"3000000"}},"category_id":15,"category_name":"Buildings","id":5529268,"image_id":206344,"iscrowd":0},{"area":2006,"assist":{"category":{"description":"建筑","id":15,"name":"Buildings"},"tags":{"building":"yes","height":"3.3","nycdoitt:bin":"3000000"}},"category_id":15,"category_name":"Buildings","id":5529269,"image_id":206344,"iscrowd":0},{"area":1940,"assist":{"category":{"description":"建筑","id":15,"name":"Buildings"},"tags":{"building":"yes","height":"3.9","nycdoitt:bin":"3000000"}},"category_id":15,"category_name":"Buildings","id":5529270,"image_id":206344,"iscrowd":0},{"area":0,"assist":{"category":{"description":"建筑","id":15,"name":"Buildings"},"tags":{"building":"yes","height":"3.8","nycdoitt:bin":"3000000"}},"category_id":15,"category_name":"Buildings","id":5529271,"image_id":206344,"iscrowd":0},{"area":1784,"assist":{"category":{"description":"建筑","id":15,"name":"Buildings"},"tags":{"building":"yes","height":"3.9","nycdoitt:bin":"3000000"}},"category_id":15,"category_name":"Buildings","id":5529272,"image_id":206344,"iscrowd":0},{"area":349,"assist":{"category":{"description":"建筑","id":15,"name":"Buildings"},"tags":{"building":"yes","height":"3.9","nycdoitt:bin":"3000000"}},"category_id":15,"category_name":"Buildings","id":5529273,"image_id":206344,"iscrowd":0},{"area":26767,"assist":{"category":{"description":"普通公路","id":3,"name":"Ordinary_highway"},"tags":{"cycleway:both":"no","highway":"residential","lit":"yes","name":"Brighton 4th Street","oneway":"yes","parking:lane:both":"parallel","parking:lane:both:parallel":"on_street","sidewalk:both":"separate","sidewalk:both:surface":"concrete:plates","surface":"asphalt","tiger:cfcc":"A41","tiger:county":"Kings, NY","tiger:name_base":"Brighton 4th","tiger:name_type":"St","tiger:reviewed":"no","tiger:zip_left":"11235","tiger:zip_left_1":"11235","tiger:zip_right":"11235"}},"category_id":3,"category_name":"Ordinary_highway","id":5529274,"image_id":206344,"iscrowd":0},{"area":0,"assist":{"category":{"description":"普通公路","id":3,"name":"Ordinary_highway"},"tags":{"cycleway:both":"no","highway":"residential","lit":"yes","name":"Brighton 5th Street","oneway":"yes","parking:lane:both":"parallel","parking:lane:both:parallel":"on_street","sidewalk:both":"separate","sidewalk:both:surface":"concrete:plates","surface":"asphalt","tiger:cfcc":"A41","tiger:county":"Kings, NY","tiger:name_base":"Brighton 5th","tiger:name_type":"St","tiger:reviewed":"no","tiger:zip_left":"11235","tiger:zip_right":"11235"}},"category_id":3,"category_name":"Ordinary_highway","id":5529275,"image_id":206344,"iscrowd":0}],"categories":{"Buildings":81706,"Island":153671,"Ordinary_highway":26767,"Sea":0},"center":[-73.96339417533486,40.57823786985293],"extent":{"xmax":-73.96305085258089,"xmin":-73.9637374980888,"ymax":40.57849862981206,"ymin":40.577977109893794},"file_name":"high/20_394760_308853.jpg","height":512,"id":206344,"ins_file_name":"high/20_394760_308853.png","level":20,"seg_file_name":"high/20_394760_308853.png","tags":[{"building":"apartments","pixel":57084},{"building":"detached","pixel":7839},{"building":"house","pixel":440},{"building":"yes","pixel":16343},{"highway":"residential","pixel":26767},{"natural":"bay","pixel":0},{"natural":"peninsula","pixel":262144}],"valid_ratio":1.0,"width":512}