{"annotations":[{"area":262144,"assist":{"category":{"description":"林地","id":11,"name":"Forest"},"tags":{"natural":"wood","type":"multipolygon"}},"category_id":11,"category_name":"Forest","id":117432,"image_id":30099,"iscrowd":0},{"area":0,"assist":{"category":{"description":"河流","id":4,"name":"River"},"tags":{"name":"天河","source":"bing","waterway":"river"}},"category_id":4,"category_name":"River","id":117433,"image_id":30099,"iscrowd":0},{"area":0,"assist":{"category":{"description":"河流","id":4,"name":"River"},"tags":{"name":"庄户沟","waterway":"river"}},"category_id":4,"category_name":"River","id":117434,"image_id":30099,"iscrowd":0}],"categories":{"Forest":262144,"River":0},"center":[116.56528474522993,40.83277481041094],"extent":{"xmax":116.56562806798388,"xmin":116.56494142247598,"ymax":40.833034575670155,"ymin":40.83251504515172},"file_name":"high/20_393782_863808.jpg","height":512,"id":30099,"ins_file_name":"high/20_393782_863808.png","level":20,"seg_file_name":"high/20_393782_863808.png","tags":[{"natural":"wood","pixel":262144},{"pixel":0,"waterway":"river"}],"valid_ratio":1.0,"width":512}