{"annotations":[{"area":262144,"assist":{"category":{"description":"林地","id":11,"name":"Forest"},"tags":{"natural":"wood","type":"multipolygon"}},"category_id":11,"category_name":"Forest","id":152020,"image_id":40923,"iscrowd":0},{"area":0,"assist":{"category":{"description":"林地","id":11,"name":"Forest"},"tags":{"natural":"wood"}},"category_id":11,"category_name":"Forest","id":152021,"image_id":40923,"iscrowd":0},{"area":0,"assist":{"category":{"description":"河流","id":4,"name":"River"},"tags":{"name":"天河","source":"bing","waterway":"river"}},"category_id":4,"category_name":"River","id":152022,"image_id":40923,"iscrowd":0}],"categories":{"Forest":262144,"River":0},"center":[116.53232576085034,40.794318406371104],"extent":{"xmax":116.53266908360429,"xmin":116.53198243809638,"ymax":40.794578322242586,"ymin":40.79405849049962},"file_name":"high/20_393930_863712.jpg","height":512,"id":40923,"ins_file_name":"high/20_393930_863712.png","level":20,"seg_file_name":"high/20_393930_863712.png","tags":[{"natural":"wood","pixel":262144},{"pixel":0,"waterway":"river"}],"valid_ratio":1.0,"width":512}