{"annotations":[{"area":0,"assist":{"category":{"description":"林地","id":11,"name":"Forest"},"tags":{"natural":"wood","type":"multipolygon"}},"category_id":11,"category_name":"Forest","id":284661,"image_id":69426,"iscrowd":0},{"area":0,"assist":{"category":{"description":"林地","id":11,"name":"Forest"},"tags":{"natural":"wood","type":"multipolygon"}},"category_id":11,"category_name":"Forest","id":284662,"image_id":69426,"iscrowd":0},{"area":0,"assist":{"category":{"description":"林地","id":11,"name":"Forest"},"tags":{"natural":"wood"}},"category_id":11,"category_name":"Forest","id":284663,"image_id":69426,"iscrowd":0},{"area":262144,"assist":{"category":{"description":"林地","id":11,"name":"Forest"},"tags":{"natural":"wood"}},"category_id":11,"category_name":"Forest","id":284664,"image_id":69426,"iscrowd":0},{"area":0,"assist":{"category":{"description":"河流","id":4,"name":"River"},"tags":{"boat":"no","code":"ACB11236","name":"汤河","name:en":"Tang River","name:zh":"汤河","name:zh-Hant":"湯河","name:zh-Latn-pinyin":"tāng hé","nsdi_code":"CB3205","source":"bing","waterway":"river","wikidata":"Q34925577","zhb_code":"08CC100301"}},"category_id":4,"category_name":"River","id":284665,"image_id":69426,"iscrowd":0}],"categories":{"Forest":262144,"River":0},"center":[116.70742036536689,40.72462441495988],"extent":{"xmax":116.70776368812085,"xmin":116.70707704261294,"ymax":40.72488460348541,"ymin":40.724364226434346},"file_name":"high/20_394198_864222.jpg","height":512,"id":69426,"ins_file_name":"high/20_394198_864222.png","level":20,"seg_file_name":"high/20_394198_864222.png","tags":[{"natural":"wood","pixel":262144},{"pixel":0,"waterway":"river"}],"valid_ratio":1.0,"width":512}