{"annotations":[{"area":134756,"assist":{"category":{"description":"空地","id":14,"name":"Space"},"tags":{"landuse":"brownfield"}},"category_id":14,"category_name":"Space","id":15419,"image_id":1724,"iscrowd":0},{"area":0,"assist":{"category":{"description":"河流","id":4,"name":"River"},"tags":{"boat":"no","code":"ACC12006","name":"妫水河","name:en":"Guishui River","name:zh":"妫水河","name:zh-Hant":"嬀水河","name:zh-Latn-pinyin":"guīshuǐ hé","nsdi_code":"CB5605","source":"Yahoo","waterway":"river","zhb_code":"07CB020600"}},"category_id":4,"category_name":"River","id":15420,"image_id":1724,"iscrowd":0},{"area":15096,"assist":{"category":{"description":"普通公路","id":3,"name":"Ordinary_highway"},"tags":{"highway":"tertiary","name":"汇川街"}},"category_id":3,"category_name":"Ordinary_highway","id":15421,"image_id":1724,"iscrowd":0},{"area":0,"assist":{"category":{"description":"普通公路","id":3,"name":"Ordinary_highway"},"tags":{"highway":"tertiary","name":"菜园南街"}},"category_id":3,"category_name":"Ordinary_highway","id":15422,"image_id":1724,"iscrowd":0}],"categories":{"Ordinary_highway":15096,"River":0,"Space":134756},"center":[115.96618653958014,40.44381173692801],"extent":{"xmax":115.96687318508805,"xmin":115.96549989407222,"ymax":40.44433430333797,"ymin":40.44328917051806},"file_name":"high/19_197637_431031.jpg","height":512,"id":1724,"ins_file_name":"high/19_197637_431031.png","level":19,"seg_file_name":"high/19_197637_431031.png","tags":[{"highway":"tertiary","pixel":15096},{"landuse":"brownfield","pixel":134756},{"pixel":0,"waterway":"river"}],"valid_ratio":0.5716400146484375,"width":512}