{"annotations":[{"area":262144,"assist":{"category":{"description":"城市绿地","id":12,"name":"Urban_green"},"tags":{"alt_name":"2019中国北京世界园艺博览会园区","leisure":"park","name":"北京世园公园"}},"category_id":12,"category_name":"Urban_green","id":46891,"image_id":7146,"iscrowd":0},{"area":0,"assist":{"category":{"description":"湖泊","id":5,"name":"Lake"},"tags":{"name":"妫汭湖","natural":"water"}},"category_id":5,"category_name":"Lake","id":46892,"image_id":7146,"iscrowd":0},{"area":20293,"assist":{"category":{"description":"城市绿地","id":12,"name":"Urban_green"},"tags":{"leisure":"garden","name":"拉丁美洲联合园"}},"category_id":12,"category_name":"Urban_green","id":46893,"image_id":7146,"iscrowd":0},{"area":18150,"assist":{"category":{"description":"城市绿地","id":12,"name":"Urban_green"},"tags":{"leisure":"garden","name":"长城葡萄酒展园"}},"category_id":12,"category_name":"Urban_green","id":46894,"image_id":7146,"iscrowd":0},{"area":2432,"assist":{"category":{"description":"建筑","id":15,"name":"Buildings"},"tags":{"building":"yes"}},"category_id":15,"category_name":"Buildings","id":46895,"image_id":7146,"iscrowd":0},{"area":0,"assist":{"category":{"description":"河流","id":4,"name":"River"},"tags":{"boat":"no","code":"ACC12006","name":"妫水河","name:en":"Guishui River","name:zh":"妫水河","name:zh-Hant":"嬀水河","name:zh-Latn-pinyin":"guīshuǐ hé","nsdi_code":"CB5605","source":"Yahoo","waterway":"river","zhb_code":"07CB020600"}},"category_id":4,"category_name":"River","id":46896,"image_id":7146,"iscrowd":0},{"area":0,"assist":{"category":{"description":"普通公路","id":3,"name":"Ordinary_highway"},"tags":{"highway":"tertiary","name":"园区北路"}},"category_id":3,"category_name":"Ordinary_highway","id":46897,"image_id":7146,"iscrowd":0},{"area":0,"assist":{"category":{"description":"普通公路","id":3,"name":"Ordinary_highway"},"tags":{"highway":"primary","name":"延康路","oneway":"yes"}},"category_id":3,"category_name":"Ordinary_highway","id":46898,"image_id":7146,"iscrowd":0},{"area":0,"assist":{"category":{"description":"普通公路","id":3,"name":"Ordinary_highway"},"tags":{"alt_name":"南顺城街","alt_name:en":"South Shuncheng Street","highway":"primary","name":"延康路","oneway":"yes","ref":"S220","source":"bing"}},"category_id":3,"category_name":"Ordinary_highway","id":46899,"image_id":7146,"iscrowd":0},{"area":0,"assist":{"category":{"description":"普通公路","id":3,"name":"Ordinary_highway"},"tags":{"highway":"tertiary","name":"园区南路"}},"category_id":3,"category_name":"Ordinary_highway","id":46900,"image_id":7146,"iscrowd":0},{"area":2127,"assist":{"category":{"description":"电缆塔","id":30,"name":"Electricity_tower"},"tags":{"power":"tower"}},"category_id":30,"category_name":"Electricity_tower","id":46901,"image_id":7146,"iscrowd":0},{"area":2191,"assist":{"category":{"description":"电缆塔","id":30,"name":"Electricity_tower"},"tags":{"power":"tower"}},"category_id":30,"category_name":"Electricity_tower","id":46902,"image_id":7146,"iscrowd":0},{"area":1897,"assist":{"category":{"description":"电缆塔","id":30,"name":"Electricity_tower"},"tags":{"power":"tower"}},"category_id":30,"category_name":"Electricity_tower","id":46903,"image_id":7146,"iscrowd":0}],"categories":{"Buildings":2432,"Electricity_tower":6149,"Lake":0,"Ordinary_highway":0,"River":0,"Urban_green":253563},"center":[115.95451356594569,40.44198273113375],"extent":{"xmax":115.95485688869964,"xmin":115.95417024319174,"ymax":40.44224402144812,"ymin":40.44172144081938},"file_name":"high/20_395282_862029.jpg","height":512,"id":7146,"ins_file_name":"high/20_395282_862029.png","level":20,"seg_file_name":"high/20_395282_862029.png","tags":[{"building":"yes","pixel":2432},{"highway":"primary","pixel":0},{"highway":"tertiary","pixel":0},{"leisure":"garden","pixel":38443},{"leisure":"park","pixel":262144},{"natural":"water","pixel":0},{"pixel":6215,"power":"tower"},{"pixel":0,"waterway":"river"}],"valid_ratio":1.0,"width":512}