{"annotations":[{"area":0,"assist":{"category":{"description":"林地","id":11,"name":"Forest"},"tags":{"natural":"wood","type":"multipolygon"}},"category_id":11,"category_name":"Forest","id":28870,"image_id":3906,"iscrowd":0},{"area":0,"assist":{"category":{"description":"林地","id":11,"name":"Forest"},"tags":{"landuse":"forest"}},"category_id":11,"category_name":"Forest","id":28871,"image_id":3906,"iscrowd":0},{"area":262144,"assist":{"category":{"description":"林地","id":11,"name":"Forest"},"tags":{"landuse":"forest"}},"category_id":11,"category_name":"Forest","id":28872,"image_id":3906,"iscrowd":0},{"area":0,"assist":{"category":{"description":"铁路","id":1,"name":"Railway"},"tags":{"electrified":"contact_line","frequency":"50","gauge":"1435","maxspeed":"85","name":"大秦线","name:en":"Daqin Line","name:zh":"大秦线","passenger_lines":"2","railway":"rail","railway:track_ref":"II","railway:traffic_mode":"freight","ref":"0313","usage":"main","voltage":"25000"}},"category_id":1,"category_name":"Railway","id":28873,"image_id":3906,"iscrowd":0},{"area":0,"assist":{"category":{"description":"铁路","id":1,"name":"Railway"},"tags":{"electrified":"contact_line","frequency":"50","gauge":"1435","railway":"rail","railway:track_ref":"3","service":"siding","voltage":"25000"}},"category_id":1,"category_name":"Railway","id":28874,"image_id":3906,"iscrowd":0},{"area":0,"assist":{"category":{"description":"铁路","id":1,"name":"Railway"},"tags":{"electrified":"contact_line","frequency":"50","gauge":"1435","maxspeed":"90","name":"大秦线","name:en":"Daqin Line","name:zh":"大秦线","passenger_lines":"2","railway":"rail","railway:track_ref":"I","railway:traffic_mode":"freight","ref":"0313","usage":"main","voltage":"25000"}},"category_id":1,"category_name":"Railway","id":28875,"image_id":3906,"iscrowd":0},{"area":0,"assist":{"category":{"description":"铁路","id":1,"name":"Railway"},"tags":{"electrified":"contact_line","frequency":"50","gauge":"1435","railway":"rail","railway:track_ref":"4","service":"siding","voltage":"25000"}},"category_id":1,"category_name":"Railway","id":28876,"image_id":3906,"iscrowd":0},{"area":0,"assist":{"category":{"description":"普通公路","id":3,"name":"Ordinary_highway"},"tags":{"highway":"trunk","lanes":"2","name":"京银路","oneway":"yes","ref":"G110"}},"category_id":3,"category_name":"Ordinary_highway","id":28877,"image_id":3906,"iscrowd":0},{"area":0,"assist":{"category":{"description":"普通公路","id":3,"name":"Ordinary_highway"},"tags":{"highway":"primary","lanes":"2","name":"京张公路","oneway":"yes"}},"category_id":3,"category_name":"Ordinary_highway","id":28878,"image_id":3906,"iscrowd":0},{"area":0,"assist":{"category":{"description":"普通公路","id":3,"name":"Ordinary_highway"},"tags":{"highway":"primary","lanes":"2","name":"京张公路","oneway":"yes"}},"category_id":3,"category_name":"Ordinary_highway","id":28879,"image_id":3906,"iscrowd":0},{"area":0,"assist":{"category":{"description":"普通公路","id":3,"name":"Ordinary_highway"},"tags":{"highway":"residential","name":"广兴街"}},"category_id":3,"category_name":"Ordinary_highway","id":28880,"image_id":3906,"iscrowd":0}],"categories":{"Forest":262144,"Ordinary_highway":0,"Railway":0},"center":[115.98541261380157,40.47803112311048],"extent":{"xmax":115.98575593655552,"xmin":115.98506929104761,"ymax":40.47829227325485,"ymin":40.477769972966115},"file_name":"high/20_395144_862119.jpg","height":512,"id":3906,"ins_file_name":"high/20_395144_862119.png","level":20,"seg_file_name":"high/20_395144_862119.png","tags":[{"highway":"primary","pixel":0},{"highway":"residential","pixel":0},{"highway":"trunk","pixel":0},{"landuse":"forest","pixel":262144},{"natural":"wood","pixel":0},{"pixel":0,"railway":"rail"}],"valid_ratio":1.0,"width":512}