{"annotations":[{"area":0,"assist":{"category":{"description":"林地","id":11,"name":"Forest"},"tags":{"natural":"wood","source":"Bing","type":"multipolygon"}},"category_id":11,"category_name":"Forest","id":60086,"image_id":12535,"iscrowd":0},{"area":262144,"assist":{"category":{"description":"林地","id":11,"name":"Forest"},"tags":{"natural":"wood","type":"multipolygon"}},"category_id":11,"category_name":"Forest","id":60087,"image_id":12535,"iscrowd":0},{"area":0,"assist":{"category":{"description":"林地","id":11,"name":"Forest"},"tags":{"natural":"wood","source":"Bing"}},"category_id":11,"category_name":"Forest","id":60088,"image_id":12535,"iscrowd":0}],"categories":{"Forest":262144},"center":[-78.00533295763577,42.109684874182705],"extent":{"xmax":-78.00498963488182,"xmin":-78.00567628038974,"ymax":42.10993957246137,"ymin":42.10943017590404},"file_name":"high/20_388818_297080.jpg","height":512,"id":12535,"ins_file_name":"high/20_388818_297080.png","level":20,"seg_file_name":"high/20_388818_297080.png","tags":[{"natural":"wood","pixel":262144}],"valid_ratio":1.0,"width":512}