{"annotations":[{"area":262144,"assist":{"category":{"description":"林地","id":11,"name":"Forest"},"tags":{"natural":"wood","type":"multipolygon"}},"category_id":11,"category_name":"Forest","id":69010,"image_id":15625,"iscrowd":0}],"categories":{"Forest":262144},"center":[-77.97718049181154,42.08675788451026],"extent":{"xmax":-77.97683716905759,"xmin":-77.97752381456549,"ymax":42.087012674889735,"ymin":42.08650309413079},"file_name":"high/20_388908_297162.jpg","height":512,"id":15625,"ins_file_name":"high/20_388908_297162.png","level":20,"seg_file_name":"high/20_388908_297162.png","tags":[{"natural":"wood","pixel":262144}],"valid_ratio":1.0,"width":512}