{"annotations":[{"area":0,"assist":{"category":{"description":"林地","id":11,"name":"Forest"},"tags":{"natural":"wood","type":"multipolygon"}},"category_id":11,"category_name":"Forest","id":67757,"image_id":15168,"iscrowd":0},{"area":0,"assist":{"category":{"description":"林地","id":11,"name":"Forest"},"tags":{"natural":"wood","type":"multipolygon"}},"category_id":11,"category_name":"Forest","id":67758,"image_id":15168,"iscrowd":0},{"area":262144,"assist":{"category":{"description":"林地","id":11,"name":"Forest"},"tags":{"natural":"scrub","type":"multipolygon"}},"category_id":11,"category_name":"Forest","id":67759,"image_id":15168,"iscrowd":0}],"categories":{"Forest":262144},"center":[-77.99160004747762,42.09083439959855],"extent":{"xmax":-77.99125672472366,"xmin":-77.99194337023157,"ymax":42.0910891736051,"ymin":42.090579625592},"file_name":"high/20_388892_297120.jpg","height":512,"id":15168,"ins_file_name":"high/20_388892_297120.png","level":20,"seg_file_name":"high/20_388892_297120.png","tags":[{"natural":"scrub","pixel":262144},{"natural":"wood","pixel":0}],"valid_ratio":1.0,"width":512}