{"annotations":[{"area":262144,"assist":{"category":{"description":"机场","id":18,"name":"Airport"},"tags":{"addr:city":"朝阳区","addr:postcode":"100621","addr:province":"北京市","addr:street":"四纬路","aerodrome":"international","aerodrome:type":"public","aeroway":"aerodrome","alt_name:zh":"北京首都机场;首都国际机场;首都机场","alt_name:zh-Hans":"北京首都机场;首都国际机场;首都机场","alt_name:zh-Hant":"北京首都機場;首都國際機場;首都機場","city_served":"Beijing","ele":"35","iata":"PEK","icao":"ZBAA","internet_access":"wlan","name":"北京首都国际机场","name:en":"Beijing Capital International Airport","name:es":"Aeropuerto Internacional de Beijing Capital","name:hi":"बेइजिंग कैपिटल अन्तर्राष्ट्रीय विमानक्षेत्र","name:ja":"北京首都国際空港","name:ko":"베이징 수도 국제공항","name:ru":"Международный аэропорт Шоудé","name:zh":"北京首都国际机场","name:zh-Hans":"北京首都国际机场","name:zh-Hant":"北京首都國際機場","name:zh-Latn-pinyin":"Běijīng Shǒudū Guójì Jīchǎng","note":"Rough area","operator":"Civil Aviation Administration of China","rank_aci:2016":"2","ref":"PEK","source":"wikipedia","website":"https://www.bcia.com.cn/","wikidata":"Q32190","wikipedia":"en:Beijing Capital International Airport"}},"category_id":18,"category_name":"Airport","id":11052,"image_id":840,"iscrowd":0},{"area":5593,"assist":{"category":{"description":"机场","id":18,"name":"Airport"},"tags":{"aeroway":"apron"}},"category_id":18,"category_name":"Airport","id":11053,"image_id":840,"iscrowd":0},{"area":24551,"assist":{"category":{"description":"草地","id":13,"name":"Meadow"},"tags":{"landuse":"grass"}},"category_id":13,"category_name":"Meadow","id":11054,"image_id":840,"iscrowd":0},{"area":39820,"assist":{"category":{"description":"草地","id":13,"name":"Meadow"},"tags":{"landuse":"grass"}},"category_id":13,"category_name":"Meadow","id":11055,"image_id":840,"iscrowd":0},{"area":19621,"assist":{"category":{"description":"草地","id":13,"name":"Meadow"},"tags":{"landuse":"grass"}},"category_id":13,"category_name":"Meadow","id":11056,"image_id":840,"iscrowd":0},{"area":0,"assist":{"category":{"description":"河流","id":4,"name":"River"},"tags":{"boat":"no","code":"ACB13106","name":"温榆河","name:en":"Wenyu River","name:zh":"温榆河","name:zh-Hans":"温榆河","name:zh-Hant":"溫榆河","name:zh-Latn-pinyin":"wēnyú hé","nsdi_code":"CB4005","source":"Yahoo","waterway":"river","zhb_code":"07CB010301"}},"category_id":4,"category_name":"River","id":11057,"image_id":840,"iscrowd":0}],"categories":{"Airport":178152,"Meadow":83992,"River":0},"center":[116.59515382482391,40.07491896264611],"extent":{"xmax":116.59584047033182,"xmin":116.594467179316,"ymax":40.07544438604822,"ymin":40.074393539244},"file_name":"high/19_198341_431947.jpg","height":512,"id":840,"ins_file_name":"high/19_198341_431947.png","level":19,"seg_file_name":"high/19_198341_431947.png","tags":[{"aeroway":"aerodrome","pixel":262144},{"aeroway":"apron","pixel":5593},{"landuse":"grass","pixel":83992},{"pixel":0,"waterway":"river"}],"valid_ratio":1.0,"width":512}