{"annotations":[{"area":262144,"assist":{"category":{"description":"机场","id":18,"name":"Airport"},"tags":{"addr:city":"朝阳区","addr:postcode":"100621","addr:province":"北京市","addr:street":"四纬路","aerodrome":"international","aerodrome:type":"public","aeroway":"aerodrome","alt_name:zh":"北京首都机场;首都国际机场;首都机场","alt_name:zh-Hans":"北京首都机场;首都国际机场;首都机场","alt_name:zh-Hant":"北京首都機場;首都國際機場;首都機場","city_served":"Beijing","ele":"35","iata":"PEK","icao":"ZBAA","internet_access":"wlan","name":"北京首都国际机场","name:en":"Beijing Capital International Airport","name:es":"Aeropuerto Internacional de Beijing Capital","name:hi":"बेइजिंग कैपिटल अन्तर्राष्ट्रीय विमानक्षेत्र","name:ja":"北京首都国際空港","name:ko":"베이징 수도 국제공항","name:ru":"Международный аэропорт Шоудé","name:zh":"北京首都国际机场","name:zh-Hans":"北京首都国际机场","name:zh-Hant":"北京首都國際機場","name:zh-Latn-pinyin":"Běijīng Shǒudū Guójì Jīchǎng","note":"Rough area","operator":"Civil Aviation Administration of China","rank_aci:2016":"2","ref":"PEK","source":"wikipedia","website":"https://www.bcia.com.cn/","wikidata":"Q32190","wikipedia":"en:Beijing Capital International Airport"}},"category_id":18,"category_name":"Airport","id":20397,"image_id":2312,"iscrowd":0},{"area":262144,"assist":{"category":{"description":"草地","id":13,"name":"Meadow"},"tags":{"landuse":"grass"}},"category_id":13,"category_name":"Meadow","id":20398,"image_id":2312,"iscrowd":0},{"area":0,"assist":{"category":{"description":"河流","id":4,"name":"River"},"tags":{"boat":"no","code":"ACB13106","name":"温榆河","name:en":"Wenyu River","name:zh":"温榆河","name:zh-Hans":"温榆河","name:zh-Hant":"溫榆河","name:zh-Latn-pinyin":"wēnyú hé","nsdi_code":"CB4005","source":"Yahoo","waterway":"river","zhb_code":"07CB010301"}},"category_id":4,"category_name":"River","id":20399,"image_id":2312,"iscrowd":0},{"area":0,"assist":{"category":{"description":"普通公路","id":3,"name":"Ordinary_highway"},"tags":{"access":"private","highway":"service"}},"category_id":3,"category_name":"Ordinary_highway","id":20400,"image_id":2312,"iscrowd":0}],"categories":{"Airport":0,"Meadow":262144,"Ordinary_highway":0,"River":0},"center":[116.6013336343951,40.08542662143056],"extent":{"xmax":116.60167695714905,"xmin":116.60099031164114,"ymax":40.08568929259229,"ymin":40.08516395026882},"file_name":"high/20_396643_863913.jpg","height":512,"id":2312,"ins_file_name":"high/20_396643_863913.png","level":20,"seg_file_name":"high/20_396643_863913.png","tags":[{"aeroway":"aerodrome","pixel":262144},{"highway":"service","pixel":0},{"landuse":"grass","pixel":262144},{"pixel":0,"waterway":"river"}],"valid_ratio":1.0,"width":512}