{"annotations":[{"area":152907,"assist":{"category":{"description":"林地","id":11,"name":"Forest"},"tags":{"natural":"wood","type":"multipolygon"}},"category_id":11,"category_name":"Forest","id":62533,"image_id":15557,"iscrowd":0},{"area":0,"assist":{"category":{"description":"河流","id":4,"name":"River"},"tags":{"boat":"no","int_name":"Yongding","name":"永定河","name:en":"Yongding River","name:ru":"Юндин","name:uk":"Юндін","name:zh":"永定河","waterway":"river"}},"category_id":4,"category_name":"River","id":62534,"image_id":15557,"iscrowd":0}],"categories":{"Forest":152907,"River":0},"center":[115.59471131980186,40.04811709745259],"extent":{"xmax":115.59539796530976,"xmin":115.59402467429395,"ymax":40.04864272758189,"ymin":40.047591467323286},"file_name":"high/19_198392_430490.jpg","height":512,"id":15557,"ins_file_name":"high/19_198392_430490.png","level":19,"seg_file_name":"high/19_198392_430490.png","tags":[{"natural":"wood","pixel":152907},{"pixel":0,"waterway":"river"}],"valid_ratio":0.5832939147949219,"width":512}