{"annotations":[{"area":0,"assist":{"category":{"description":"林地","id":11,"name":"Forest"},"tags":{"natural":"wood","type":"multipolygon"}},"category_id":11,"category_name":"Forest","id":327876,"image_id":83244,"iscrowd":0},{"area":0,"assist":{"category":{"description":"林地","id":11,"name":"Forest"},"tags":{"natural":"wood","type":"multipolygon"}},"category_id":11,"category_name":"Forest","id":327877,"image_id":83244,"iscrowd":0},{"area":0,"assist":{"category":{"description":"林地","id":11,"name":"Forest"},"tags":{"natural":"wood"}},"category_id":11,"category_name":"Forest","id":327878,"image_id":83244,"iscrowd":0},{"area":262144,"assist":{"category":{"description":"林地","id":11,"name":"Forest"},"tags":{"natural":"wood"}},"category_id":11,"category_name":"Forest","id":327879,"image_id":83244,"iscrowd":0},{"area":0,"assist":{"category":{"description":"河流","id":4,"name":"River"},"tags":{"boat":"no","int_name":"Yongding","name":"永定河","name:en":"Yongding River","name:ru":"Юндин","name:uk":"Юндін","name:zh":"永定河","waterway":"river"}},"category_id":4,"category_name":"River","id":327880,"image_id":83244,"iscrowd":0},{"area":0,"assist":{"category":{"description":"河流","id":4,"name":"River"},"tags":{"name":"清水河","name:en":"Qingshui He","name:zh":"清水河","source":"GNS","waterway":"river","wikidata":"Q35332063"}},"category_id":4,"category_name":"River","id":327881,"image_id":83244,"iscrowd":0},{"area":0,"assist":{"category":{"description":"普通公路","id":3,"name":"Ordinary_highway"},"tags":{"highway":"tertiary","name":"斋北路","ref":"Y706","source":"bing"}},"category_id":3,"category_name":"Ordinary_highway","id":327882,"image_id":83244,"iscrowd":0}],"categories":{"Forest":262144,"Ordinary_highway":0,"River":0},"center":[115.69461824120248,39.985801474637455],"extent":{"xmax":115.69496156395643,"xmin":115.69427491844851,"ymax":39.98606452980508,"ymin":39.98553841946983},"file_name":"high/20_397022_861272.jpg","height":512,"id":83244,"ins_file_name":"high/20_397022_861272.png","level":20,"seg_file_name":"high/20_397022_861272.png","tags":[{"highway":"tertiary","pixel":0},{"natural":"wood","pixel":262144},{"pixel":0,"waterway":"river"}],"valid_ratio":1.0,"width":512}