{"annotations":[{"area":262144,"assist":{"category":{"description":"林地","id":11,"name":"Forest"},"tags":{"natural":"wood","type":"multipolygon"}},"category_id":11,"category_name":"Forest","id":226699,"image_id":61946,"iscrowd":0},{"area":0,"assist":{"category":{"description":"林地","id":11,"name":"Forest"},"tags":{"natural":"wood","type":"multipolygon"}},"category_id":11,"category_name":"Forest","id":226700,"image_id":61946,"iscrowd":0},{"area":0,"assist":{"category":{"description":"林地","id":11,"name":"Forest"},"tags":{"natural":"wood"}},"category_id":11,"category_name":"Forest","id":226701,"image_id":61946,"iscrowd":0},{"area":0,"assist":{"category":{"description":"河流","id":4,"name":"River"},"tags":{"boat":"no","int_name":"Yongding","name":"永定河","name:en":"Yongding River","name:ru":"Юндин","name:uk":"Юндін","name:zh":"永定河","waterway":"river"}},"category_id":4,"category_name":"River","id":226702,"image_id":61946,"iscrowd":0}],"categories":{"Forest":262144,"River":0},"center":[115.62526704490378,40.048379913530525],"extent":{"xmax":115.62561036765773,"xmin":115.62492372214982,"ymax":40.04864272758189,"ymin":40.04811709947916},"file_name":"high/20_396784_861070.jpg","height":512,"id":61946,"ins_file_name":"high/20_396784_861070.png","level":20,"seg_file_name":"high/20_396784_861070.png","tags":[{"natural":"wood","pixel":262144},{"pixel":0,"waterway":"river"}],"valid_ratio":1.0,"width":512}