{"annotations":[{"area":1310720,"assist":{"category":{"description":"机场","id":18,"name":"Airport"},"tags":{"aeroway":"aerodrome","landuse":"military","military":"airfield","name":"双城空军基地"}},"category_id":18,"category_name":"Airport","id":1234230,"image_id":17478,"iscrowd":0},{"area":279277,"assist":{"category":{"description":"机场","id":18,"name":"Airport"},"tags":{"aeroway":"apron"}},"category_id":18,"category_name":"Airport","id":1234231,"image_id":17478,"iscrowd":0}],"categories":{"Airport":1310720},"center":[126.32436030000002,45.40632459817347],"extent":{"xmax":126.32573359101583,"xmin":126.3229870089842,"ymax":45.40752978884436,"ymin":45.40511940750258},"file_name":"high/L19_Airport_1_674181336.jpg","height":1280,"id":17478,"ins_file_name":"high/L19_Airport_1_674181336.png","level":0,"seg_file_name":"high/L19_Airport_1_674181336.png","tags":[{"aeroway":"aerodrome","pixel":1310720},{"aeroway":"apron","pixel":279277}],"valid_ratio":1.0,"width":1024}