{"annotations":[{"area":524288,"assist":{"category":{"description":"机场","id":18,"name":"Airport"},"tags":{"aeroway":"aerodrome","landuse":"military","military":"airfield","name":"福州义序机场","wikidata":"Q17040174","wikipedia":"zh:福州义序机场"}},"category_id":18,"category_name":"Airport","id":3372250,"image_id":31602,"iscrowd":0},{"area":59459,"assist":{"category":{"description":"机场","id":18,"name":"Airport"},"tags":{"aeroway":"apron"}},"category_id":18,"category_name":"Airport","id":3372251,"image_id":31602,"iscrowd":0},{"area":13577,"assist":{"category":{"description":"建筑","id":15,"name":"Buildings"},"tags":{"building":"yes"}},"category_id":15,"category_name":"Buildings","id":3372252,"image_id":31602,"iscrowd":0},{"area":821,"assist":{"category":{"description":"普通公路","id":3,"name":"Ordinary_highway"},"tags":{"highway":"residential","source":"digitalglobe"}},"category_id":3,"category_name":"Ordinary_highway","id":3372253,"image_id":31602,"iscrowd":0}],"categories":{"Airport":509691,"Buildings":13577,"Ordinary_highway":1020},"center":[119.30199404999999,26.00318749906635],"extent":{"xmax":119.30336734101581,"xmin":119.30062075898418,"ymax":26.003804635214166,"ymin":26.002570362918533},"file_name":"high/L19_Airport_1_1256070677.jpg","height":512,"id":31602,"ins_file_name":"high/L19_Airport_1_1256070677.png","level":0,"seg_file_name":"high/L19_Airport_1_1256070677.png","tags":[{"aeroway":"aerodrome","pixel":524288},{"aeroway":"apron","pixel":59459},{"building":"yes","pixel":13577},{"highway":"residential","pixel":821}],"valid_ratio":1.0,"width":1024}