{"annotations":[{"area":6488064,"assist":{"category":{"description":"机场","id":18,"name":"Airport"},"tags":{"aeroway":"aerodrome","landuse":"military","name":"惠安机场","name:en":"Hui'an Air Base","name:vi":"Sân bay quân đội Huệ An","name:zh":"惠安軍用機場","source":"ourairports.com"}},"category_id":18,"category_name":"Airport","id":3507066,"image_id":34091,"iscrowd":0},{"area":1689565,"assist":{"category":{"description":"机场","id":18,"name":"Airport"},"tags":{"aeroway":"apron","source":"bing"}},"category_id":18,"category_name":"Airport","id":3507067,"image_id":34091,"iscrowd":0},{"area":163057,"assist":{"category":{"description":"普通公路","id":3,"name":"Ordinary_highway"},"tags":{"access":"no","highway":"service"}},"category_id":3,"category_name":"Ordinary_highway","id":3507068,"image_id":34091,"iscrowd":0}],"categories":{"Airport":6325007,"Ordinary_highway":163057},"center":[118.80111050000002,25.021362149050752],"extent":{"xmax":118.80265545239281,"xmin":118.79956554760722,"ymax":25.023073209867533,"ymin":25.01965108823397},"file_name":"high/L20_Airport_1_151874314.jpg","height":2816,"id":34091,"ins_file_name":"high/L20_Airport_1_151874314.png","level":0,"seg_file_name":"high/L20_Airport_1_151874314.png","tags":[{"aeroway":"aerodrome","pixel":6488064},{"aeroway":"apron","pixel":1689565},{"highway":"service","pixel":163057}],"valid_ratio":1.0,"width":2304}