{"annotations":[{"area":0,"assist":{"category":{"description":"河流","id":4,"name":"River"},"tags":{"canoe":"yes","intermittent":"no","motorboat":"yes","name":"Buffalo River","name:es":"Río Buffalo","tidal":"no","waterway":"river"}},"category_id":4,"category_name":"River","id":60735,"image_id":3161,"iscrowd":0},{"area":0,"assist":{"category":{"description":"铁路","id":1,"name":"Railway"},"tags":{"electrified":"no","gauge":"1435","maxspeed":"20 mph","name":"Buffalo Terminal Subdivision","old_railway_operator":"NYC","operator":"CSX Transportation","operator:wikidata":"Q856783","owner":"CSX","railway":"rail","railway:track_ref":"3","usage":"main"}},"category_id":1,"category_name":"Railway","id":60736,"image_id":3161,"iscrowd":0},{"area":17282,"assist":{"category":{"description":"铁路","id":1,"name":"Railway"},"tags":{"electrified":"no","gauge":"1435","maxspeed":"30 mph","name":"Buffalo Terminal Subdivision","old_railway_operator":"Buffalo Creek Railroad","operator":"CSX Transportation","operator:wikidata":"Q856783","owner":"CSX","railway":"rail","railway:track_ref":"1","usage":"main"}},"category_id":1,"category_name":"Railway","id":60737,"image_id":3161,"iscrowd":0},{"area":17287,"assist":{"category":{"description":"铁路","id":1,"name":"Railway"},"tags":{"electrified":"no","gauge":"1435","maxspeed":"30 mph","name":"Buffalo Terminal Subdivision","old_railway_operator":"Buffalo Creek Railroad","operator":"CSX Transportation","operator:wikidata":"Q856783","owner":"CSX","railway":"rail","railway:track_ref":"2","usage":"main"}},"category_id":1,"category_name":"Railway","id":60738,"image_id":3161,"iscrowd":0},{"area":17329,"assist":{"category":{"description":"铁路","id":1,"name":"Railway"},"tags":{"electrified":"no","gauge":"1435","name":"Ebenezer Industrial Track","operator":"Norfolk Southern Railway","operator:wikidata":"Q1321054","railway":"rail","tiger:cfcc":"B11","tiger:county":"Erie, NY","tiger:name_base":"Norfolk Southern Railway","tiger:name_base_1":"Penn Central Railroad","usage":"branch"}},"category_id":1,"category_name":"Railway","id":60739,"image_id":3161,"iscrowd":0},{"area":17299,"assist":{"category":{"description":"铁路","id":1,"name":"Railway"},"tags":{"electrified":"no","gauge":"1435","name":"Bison Running Track","operator":"Norfolk Southern Railway","operator:wikidata":"Q1321054","railway":"rail","tiger:cfcc":"B11","tiger:county":"Erie, NY","tiger:name_base":"Lehigh Valley Railroad:Norfolk-Southern Railroad"}},"category_id":1,"category_name":"Railway","id":60740,"image_id":3161,"iscrowd":0},{"area":13921,"assist":{"category":{"description":"铁路","id":1,"name":"Railway"},"tags":{"electrified":"no","gauge":"1435","railway":"rail","service":"yard"}},"category_id":1,"category_name":"Railway","id":60741,"image_id":3161,"iscrowd":0},{"area":10502,"assist":{"category":{"description":"铁路","id":1,"name":"Railway"},"tags":{"electrified":"no","gauge":"1435","old_railway_operator":"NKP","railway":"rail","service":"yard"}},"category_id":1,"category_name":"Railway","id":60742,"image_id":3161,"iscrowd":0},{"area":5292,"assist":{"category":{"description":"铁路","id":1,"name":"Railway"},"tags":{"electrified":"no","gauge":"1435","railway":"rail","service":"yard"}},"category_id":1,"category_name":"Railway","id":60743,"image_id":3161,"iscrowd":0},{"area":9034,"assist":{"category":{"description":"铁路","id":1,"name":"Railway"},"tags":{"electrified":"no","gauge":"1435","railway":"rail","service":"yard"}},"category_id":1,"category_name":"Railway","id":60744,"image_id":3161,"iscrowd":0},{"area":3932,"assist":{"category":{"description":"铁路","id":1,"name":"Railway"},"tags":{"electrified":"no","gauge":"1435","railway":"rail","service":"yard"}},"category_id":1,"category_name":"Railway","id":60745,"image_id":3161,"iscrowd":0},{"area":7726,"assist":{"category":{"description":"铁路","id":1,"name":"Railway"},"tags":{"electrified":"no","gauge":"1435","railway":"rail","service":"yard"}},"category_id":1,"category_name":"Railway","id":60746,"image_id":3161,"iscrowd":0},{"area":2597,"assist":{"category":{"description":"铁路","id":1,"name":"Railway"},"tags":{"electrified":"no","gauge":"1435","railway":"rail","service":"yard"}},"category_id":1,"category_name":"Railway","id":60747,"image_id":3161,"iscrowd":0},{"area":1242,"assist":{"category":{"description":"铁路","id":1,"name":"Railway"},"tags":{"electrified":"no","gauge":"1435","railway":"rail","service":"yard"}},"category_id":1,"category_name":"Railway","id":60748,"image_id":3161,"iscrowd":0},{"area":0,"assist":{"category":{"description":"铁路","id":1,"name":"Railway"},"tags":{"electrified":"no","gauge":"1435","railway":"rail","service":"yard","tiger:cfcc":"B21","tiger:county":"Erie, NY"}},"category_id":1,"category_name":"Railway","id":60749,"image_id":3161,"iscrowd":0},{"area":130,"assist":{"category":{"description":"铁路","id":1,"name":"Railway"},"tags":{"electrified":"no","gauge":"1435","railway":"rail","service":"yard"}},"category_id":1,"category_name":"Railway","id":60750,"image_id":3161,"iscrowd":0},{"area":0,"assist":{"category":{"description":"铁路","id":1,"name":"Railway"},"tags":{"electrified":"no","gauge":"1435","railway":"rail","service":"yard"}},"category_id":1,"category_name":"Railway","id":60751,"image_id":3161,"iscrowd":0},{"area":0,"assist":{"category":{"description":"铁路","id":1,"name":"Railway"},"tags":{"electrified":"no","gauge":"1435","railway":"rail","service":"yard"}},"category_id":1,"category_name":"Railway","id":60752,"image_id":3161,"iscrowd":0},{"area":0,"assist":{"category":{"description":"铁路","id":1,"name":"Railway"},"tags":{"electrified":"no","gauge":"1435","railway":"rail","service":"yard"}},"category_id":1,"category_name":"Railway","id":60753,"image_id":3161,"iscrowd":0},{"area":0,"assist":{"category":{"description":"普通公路","id":3,"name":"Ordinary_highway"},"tags":{"highway":"residential","maxspeed":"30 mph","name":"Selkirk Street","tiger:cfcc":"A41","tiger:county":"Erie, NY","tiger:name_base":"Selkirk","tiger:name_type":"St","tiger:reviewed":"no","tiger:zip_left":"14210","tiger:zip_right":"14210"}},"category_id":3,"category_name":"Ordinary_highway","id":60754,"image_id":3161,"iscrowd":0},{"area":29356,"assist":{"category":{"description":"高速公路","id":2,"name":"Motorway"},"tags":{"bicycle":"no","bridge":"yes","foot":"no","hgv":"designated","highway":"motorway","horse":"no","lanes":"3","layer":"1","lit":"yes","maxspeed":"55 mph","name":"Niagara Thruway","oneway":"yes","ref":"I 190","surface":"concrete","toll":"no"}},"category_id":2,"category_name":"Motorway","id":60755,"image_id":3161,"iscrowd":0},{"area":26819,"assist":{"category":{"description":"高速公路","id":2,"name":"Motorway"},"tags":{"bicycle":"no","bridge":"yes","foot":"no","hgv":"designated","highway":"motorway","horse":"no","lanes":"4","layer":"1","lit":"yes","maxspeed":"55 mph","name":"Niagara Thruway","oneway":"yes","ref":"I 190","surface":"concrete","toll":"no"}},"category_id":2,"category_name":"Motorway","id":60756,"image_id":3161,"iscrowd":0},{"area":7657,"assist":{"category":{"description":"铁路","id":1,"name":"Railway"},"tags":{"electrified":"no","gauge":"1435","railway":"rail","service":"yard"}},"category_id":1,"category_name":"Railway","id":60757,"image_id":3161,"iscrowd":0},{"area":5830,"assist":{"category":{"description":"高速公路","id":2,"name":"Motorway"},"tags":{"bicycle":"no","embankment":"yes","foot":"no","hgv":"designated","highway":"motorway","horse":"no","lanes":"3","lit":"yes","maxspeed":"55 mph","name":"Niagara Thruway","oneway":"yes","ref":"I 190","surface":"concrete","toll":"no"}},"category_id":2,"category_name":"Motorway","id":60758,"image_id":3161,"iscrowd":0},{"area":15089,"assist":{"category":{"description":"高速公路","id":2,"name":"Motorway"},"tags":{"bicycle":"no","embankment":"yes","foot":"no","hgv":"designated","highway":"motorway","horse":"no","lanes":"3","lit":"yes","maxspeed":"55 mph","name":"Niagara Thruway","oneway":"yes","ref":"I 190","surface":"concrete","toll":"no"}},"category_id":2,"category_name":"Motorway","id":60759,"image_id":3161,"iscrowd":0}],"categories":{"Motorway":75038,"Ordinary_highway":0,"Railway":74046,"River":0},"center":[-78.84132386351386,42.87042873032031],"extent":{"xmax":-78.84063721800595,"xmin":-78.84201050902178,"ymax":42.87093196878391,"ymin":42.86992549185672},"file_name":"high/19_192906_147322.jpg","height":512,"id":3161,"ins_file_name":"high/19_192906_147322.png","level":19,"seg_file_name":"high/19_192906_147322.png","tags":[{"highway":"motorway","pixel":77094},{"highway":"residential","pixel":0},{"pixel":131230,"railway":"rail"},{"pixel":0,"waterway":"river"}],"valid_ratio":0.5687103271484375,"width":512}