{"annotations":[{"area":262144,"assist":{"category":{"description":"湖泊","id":5,"name":"Lake"},"tags":{"alt_name:ar":"بحيرة إري","alt_name:oj":"Aanikegamaa-gichigami","ele":"173","gnis:feature_id":"1075813","name":"Lake Erie","name:ar":"بحيرة إيري","name:be":"Возера Эры","name:br":"Lenn Erie","name:cr":"ᐆᓈᑖᐍᐏ ᓵᑲᐦᐃᑲᐣ","name:crk":"onâtawêwi-sâkahikan","name:cs":"Erijské jezero","name:de":"Eriesee","name:en":"Lake Erie","name:es":"Lago Erie","name:fa":"دریاچه ایری","name:fr":"Lac Érié","name:he":"ימת אירי","name:hu":"Erie-tó","name:lt":"Eris","name:mia":"ciinkwhtanwi kihcikami","name:moh":"Kanahnòn:ke","name:oj":"Aanikegamaa-gichigami","name:ru":"озеро Эри","name:sk":"Erijské jazero","name:zh":"伊利湖","name:zh-Hans":"伊利湖","natural":"water","salt":"no","source:name:br":"ofis publik ar brezhoneg","sqkm":"25667","type":"multipolygon","water":"lake","wikidata":"Q5492","wikipedia":"en:Lake Erie"}},"category_id":5,"category_name":"Lake","id":144257,"image_id":17023,"iscrowd":0}],"categories":{"Lake":262144},"center":[-78.8821792712344,42.832926080092804],"extent":{"xmax":-78.88183594848044,"xmin":-78.88252259398836,"ymax":42.83317785215738,"ymin":42.83267430802823},"file_name":"high/20_385962_294526.jpg","height":512,"id":17023,"ins_file_name":"high/20_385962_294526.png","level":20,"seg_file_name":"high/20_385962_294526.png","tags":[{"pixel":262144,"water":"lake"}],"valid_ratio":1.0,"width":512}