{"annotations":[{"area":0,"assist":{"category":{"description":"湖泊","id":5,"name":"Lake"},"tags":{"name":"Lake Kushaqua","natural":"water","type":"multipolygon","wikidata":"Q35732618"}},"category_id":5,"category_name":"Lake","id":2704,"image_id":722,"iscrowd":0},{"area":195502,"assist":{"category":{"description":"湖泊","id":5,"name":"Lake"},"tags":{"name":"Buck Pond","natural":"water","type":"multipolygon","wikidata":"Q34646596"}},"category_id":5,"category_name":"Lake","id":2705,"image_id":722,"iscrowd":0},{"area":0,"assist":{"category":{"description":"河流","id":4,"name":"River"},"tags":{"name":"North Branch Saranac River","name:en":"North Branch Saranac River","name:moh":"Tsi ietsénhtha","waterway":"river"}},"category_id":4,"category_name":"River","id":2706,"image_id":722,"iscrowd":0},{"area":5309,"assist":{"category":{"description":"普通公路","id":3,"name":"Ordinary_highway"},"tags":{"abandoned:railway":"rail","gauge":"1435","highway":"residential","name":"Buck Pond Campsite Road","note:old_railway_operator":"Lake Placid Branch","old_railway_operator":"D&H","railway":"abandoned","surface":"asphalt","tiger:cfcc":"A41","tiger:county":"Franklin, NY","tiger:name_base":"Buck Pond Campsite","tiger:name_type":"Rd"}},"category_id":3,"category_name":"Ordinary_highway","id":2707,"image_id":722,"iscrowd":0}],"categories":{"Lake":195502,"Ordinary_highway":5309,"River":0},"center":[-74.11445618707462,44.50874853767485],"extent":{"xmax":-74.11376954156671,"xmin":-74.11514283258253,"ymax":44.5092382143996,"ymin":44.50825886095009},"file_name":"high/19_189606_154206.jpg","height":512,"id":722,"ins_file_name":"high/19_189606_154206.png","level":19,"seg_file_name":"high/19_189606_154206.png","tags":[{"highway":"residential","pixel":5309},{"natural":"water","pixel":195502},{"pixel":0,"waterway":"river"}],"valid_ratio":0.7660331726074219,"width":512}