{"annotations":[{"area":262144,"assist":{"category":{"description":"普通公路","id":3,"name":"Ordinary_highway"},"tags":{"highway":"residential","tiger:cfcc":"A41","tiger:county":"Franklin, NY","tiger:name_base":"Adirondack Park","tiger:name_base_1":"Adirondack Park Preserve","tiger:reviewed":"no"}},"category_id":3,"category_name":"Ordinary_highway","id":17098,"image_id":5194,"iscrowd":0},{"area":0,"assist":{"category":{"description":"普通公路","id":3,"name":"Ordinary_highway"},"tags":{"hgv":"designated","hgv:state_network":"yes","highway":"primary","name":"State Highway 3","ref":"NY 3","source:hgv:state_network":"NYSDOT https://www.dot.ny.gov/divisions/operating/oom/transportation-systems/repository/2010%20trk%20access%20bk.pdf","tiger:cfcc":"A31","tiger:county":"Franklin, NY","tiger:name_base":"State Highway 3","tiger:reviewed":"no"}},"category_id":3,"category_name":"Ordinary_highway","id":17099,"image_id":5194,"iscrowd":0}],"categories":{"Ordinary_highway":262144},"center":[-74.01283265190423,44.458780113251976],"extent":{"xmax":-74.01248932915027,"xmin":-74.01317597465818,"ymax":44.45902516141757,"ymin":44.45853506508638},"file_name":"high/20_379417_308709.jpg","height":512,"id":5194,"ins_file_name":"high/20_379417_308709.png","level":20,"seg_file_name":"high/20_379417_308709.png","tags":[{"highway":"primary","pixel":0},{"highway":"residential","pixel":262144}],"valid_ratio":1.0,"width":512}