{"annotations":[{"area":262144,"assist":{"category":{"description":"湖泊","id":5,"name":"Lake"},"tags":{"name":"Loon Lake","natural":"water","water":"lake"}},"category_id":5,"category_name":"Lake","id":6586,"image_id":1940,"iscrowd":0},{"area":0,"assist":{"category":{"description":"河流","id":4,"name":"River"},"tags":{"name":"North Branch Saranac River","name:en":"North Branch Saranac River","name:moh":"Tsi ietsénhtha","waterway":"river"}},"category_id":4,"category_name":"River","id":6587,"image_id":1940,"iscrowd":0},{"area":0,"assist":{"category":{"description":"普通公路","id":3,"name":"Ordinary_highway"},"tags":{"highway":"tertiary","name":"Port Kent-Hopkinton Turnpike","name_1":"County Highway 26","name_2":"State Highway 99","ref":"CR 26","surface":"asphalt","tiger:cfcc":"A31","tiger:county":"Franklin, NY"}},"category_id":3,"category_name":"Ordinary_highway","id":6588,"image_id":1940,"iscrowd":0}],"categories":{"Lake":262144,"Ordinary_highway":0,"River":0},"center":[-74.08012391167921,44.56209886362403],"extent":{"xmax":-74.07978058892526,"xmin":-74.08046723443317,"ymax":44.56234347777803,"ymin":44.56185424947003},"file_name":"high/20_378995_308513.jpg","height":512,"id":1940,"ins_file_name":"high/20_378995_308513.png","level":20,"seg_file_name":"high/20_378995_308513.png","tags":[{"highway":"tertiary","pixel":0},{"pixel":262144,"water":"lake"},{"pixel":0,"waterway":"river"}],"valid_ratio":1.0,"width":512}