{"annotations":[{"area":262144,"assist":{"category":{"description":"林地","id":11,"name":"Forest"},"tags":{"natural":"wood","type":"multipolygon"}},"category_id":11,"category_name":"Forest","id":41769,"image_id":9862,"iscrowd":0},{"area":0,"assist":{"category":{"description":"林地","id":11,"name":"Forest"},"tags":{"natural":"wood","type":"multipolygon"}},"category_id":11,"category_name":"Forest","id":41770,"image_id":9862,"iscrowd":0},{"area":0,"assist":{"category":{"description":"河流","id":4,"name":"River"},"tags":{"boat":"no","name":"拒马河","name:en":"Juma River","name:zh":"拒马河","source":"landsat","waterway":"river"}},"category_id":4,"category_name":"River","id":41771,"image_id":9862,"iscrowd":0}],"categories":{"Forest":262144,"River":0},"center":[115.50613404928171,39.67918374373332],"extent":{"xmax":115.50682069478962,"xmin":115.5054474037738,"ymax":39.67971220779799,"ymin":39.67865527966865},"file_name":"high/19_199092_430361.jpg","height":512,"id":9862,"ins_file_name":"high/19_199092_430361.png","level":19,"seg_file_name":"high/19_199092_430361.png","tags":[{"natural":"wood","pixel":262144},{"pixel":0,"waterway":"river"}],"valid_ratio":1.0,"width":512}