{"annotations":[{"area":0,"assist":{"category":{"description":"林地","id":11,"name":"Forest"},"tags":{"natural":"wood","type":"multipolygon"}},"category_id":11,"category_name":"Forest","id":25886,"image_id":5902,"iscrowd":0},{"area":262144,"assist":{"category":{"description":"林地","id":11,"name":"Forest"},"tags":{"natural":"wood","type":"multipolygon"}},"category_id":11,"category_name":"Forest","id":25887,"image_id":5902,"iscrowd":0},{"area":0,"assist":{"category":{"description":"林地","id":11,"name":"Forest"},"tags":{"natural":"wood"}},"category_id":11,"category_name":"Forest","id":25888,"image_id":5902,"iscrowd":0},{"area":0,"assist":{"category":{"description":"河流","id":4,"name":"River"},"tags":{"boat":"no","code":"ACD10506","name":"大石河","name:en":"Dashi River","name:zh":"大石河","name:zh-Hans":"大石河","name:zh-Hant":"大石河","name:zh-Latn-pinyin":"dàshí hé","nsdi_code":"CB6005","source":"landsat","waterway":"river"}},"category_id":4,"category_name":"River","id":25889,"image_id":5902,"iscrowd":0},{"area":22192,"assist":{"category":{"description":"普通公路","id":3,"name":"Ordinary_highway"},"tags":{"access":"yes","bicycle":"yes","cycleway":"no","foot":"yes","highway":"secondary","lanes":"2","motor_vehicle":"yes","name":"红井路","ref":"X045","surface":"asphalt"}},"category_id":3,"category_name":"Ordinary_highway","id":25890,"image_id":5902,"iscrowd":0},{"area":0,"assist":{"category":{"description":"普通公路","id":3,"name":"Ordinary_highway"},"tags":{"highway":"service","source":"maxar"}},"category_id":3,"category_name":"Ordinary_highway","id":25891,"image_id":5902,"iscrowd":0}],"categories":{"Forest":239952,"Ordinary_highway":22192,"River":0},"center":[115.61325074851536,39.71933533343524],"extent":{"xmax":115.61393739402327,"xmin":115.61256410300744,"ymax":39.71986349013878,"ymin":39.7188071767317},"file_name":"high/19_199016_430517.jpg","height":512,"id":5902,"ins_file_name":"high/19_199016_430517.png","level":19,"seg_file_name":"high/19_199016_430517.png","tags":[{"highway":"secondary","pixel":22192},{"highway":"service","pixel":0},{"natural":"wood","pixel":262144},{"pixel":0,"waterway":"river"}],"valid_ratio":1.0,"width":512}