{"annotations":[{"area":0,"assist":{"category":{"description":"林地","id":11,"name":"Forest"},"tags":{"natural":"wood","type":"multipolygon"}},"category_id":11,"category_name":"Forest","id":84712,"image_id":22940,"iscrowd":0},{"area":262144,"assist":{"category":{"description":"林地","id":11,"name":"Forest"},"tags":{"natural":"wood","type":"multipolygon"}},"category_id":11,"category_name":"Forest","id":84713,"image_id":22940,"iscrowd":0},{"area":0,"assist":{"category":{"description":"河流","id":4,"name":"River"},"tags":{"boat":"no","code":"ACD10506","name":"大石河","name:en":"Dashi River","name:zh":"大石河","name:zh-Hans":"大石河","name:zh-Hant":"大石河","name:zh-Latn-pinyin":"dàshí hé","nsdi_code":"CB6005","source":"landsat","waterway":"river"}},"category_id":4,"category_name":"River","id":84714,"image_id":22940,"iscrowd":0},{"area":30671,"assist":{"category":{"description":"普通公路","id":3,"name":"Ordinary_highway"},"tags":{"highway":"tertiary","name":"东太平路"}},"category_id":3,"category_name":"Ordinary_highway","id":84715,"image_id":22940,"iscrowd":0},{"area":0,"assist":{"category":{"description":"普通公路","id":3,"name":"Ordinary_highway"},"tags":{"highway":"residential","surface":"unpaved"}},"category_id":3,"category_name":"Ordinary_highway","id":84716,"image_id":22940,"iscrowd":0}],"categories":{"Forest":231473,"Ordinary_highway":30671,"River":0},"center":[115.60432435691257,39.72171199916457],"extent":{"xmax":115.60466767966653,"xmin":115.60398103415862,"ymax":39.72197606841556,"ymin":39.72144792991358},"file_name":"high/20_398024_861009.jpg","height":512,"id":22940,"ins_file_name":"high/20_398024_861009.png","level":20,"seg_file_name":"high/20_398024_861009.png","tags":[{"highway":"residential","pixel":0},{"highway":"tertiary","pixel":30671},{"natural":"wood","pixel":262144},{"pixel":0,"waterway":"river"}],"valid_ratio":1.0,"width":512}