{"annotations":[{"area":0,"assist":{"category":{"description":"河流","id":4,"name":"River"},"tags":{"natural":"water","water":"river"}},"category_id":4,"category_name":"River","id":1579,"image_id":178,"iscrowd":0},{"area":122207,"assist":{"category":{"description":"城市绿地","id":12,"name":"Urban_green"},"tags":{"leisure":"park"}},"category_id":12,"category_name":"Urban_green","id":1580,"image_id":178,"iscrowd":0},{"area":0,"assist":{"category":{"description":"河流","id":4,"name":"River"},"tags":{"intermittent":"no","layer":"-1","lock":"no","name":"莲花河","name:en":"Lotus River","name:zh":"莲花河","name:zh-Hans":"莲花河","name:zh-Hant":"蓮花河","tunnel":"culvert","waterway":"canal","width":"20","wikidata":"Q10508526","wikipedia":"zh:莲花河"}},"category_id":4,"category_name":"River","id":1581,"image_id":178,"iscrowd":0},{"area":29624,"assist":{"category":{"description":"普通公路","id":3,"name":"Ordinary_highway"},"tags":{"highway":"tertiary","name":"广安路","name:en":"Guangan Road","oneway":"yes"}},"category_id":3,"category_name":"Ordinary_highway","id":1582,"image_id":178,"iscrowd":0},{"area":1981,"assist":{"category":{"description":"普通公路","id":3,"name":"Ordinary_highway"},"tags":{"highway":"tertiary","oneway":"yes"}},"category_id":3,"category_name":"Ordinary_highway","id":1583,"image_id":178,"iscrowd":0},{"area":29575,"assist":{"category":{"description":"普通公路","id":3,"name":"Ordinary_highway"},"tags":{"highway":"trunk","int_name":"Guangan'menwai Dajie","name":"广安门外大街","name:en":"Guananmen Outer Avenue","oneway":"yes","ref":"G107","trolley_wire":"yes"}},"category_id":3,"category_name":"Ordinary_highway","id":1584,"image_id":178,"iscrowd":0},{"area":29591,"assist":{"category":{"description":"普通公路","id":3,"name":"Ordinary_highway"},"tags":{"highway":"trunk","int_name":"Guangan'menwai Dajie","name":"广安门外大街","name:en":"Guananmen Outer Avenue","oneway":"yes","ref":"G107","trolley_wire":"yes"}},"category_id":3,"category_name":"Ordinary_highway","id":1585,"image_id":178,"iscrowd":0},{"area":29632,"assist":{"category":{"description":"普通公路","id":3,"name":"Ordinary_highway"},"tags":{"highway":"tertiary","note":"Incorrect use of fixme, road needs aligned","oneway":"yes"}},"category_id":3,"category_name":"Ordinary_highway","id":1586,"image_id":178,"iscrowd":0},{"area":1258,"assist":{"category":{"description":"普通公路","id":3,"name":"Ordinary_highway"},"tags":{"highway":"tertiary","oneway":"yes"}},"category_id":3,"category_name":"Ordinary_highway","id":1587,"image_id":178,"iscrowd":0},{"area":7544,"assist":{"category":{"description":"普通公路","id":3,"name":"Ordinary_highway"},"tags":{"bridge":"yes","highway":"tertiary","layer":"1","oneway":"yes"}},"category_id":3,"category_name":"Ordinary_highway","id":1588,"image_id":178,"iscrowd":0},{"area":3861,"assist":{"category":{"description":"普通公路","id":3,"name":"Ordinary_highway"},"tags":{"bridge":"yes","highway":"tertiary","layer":"1","oneway":"yes"}},"category_id":3,"category_name":"Ordinary_highway","id":1589,"image_id":178,"iscrowd":0},{"area":184,"assist":{"category":{"description":"普通公路","id":3,"name":"Ordinary_highway"},"tags":{"highway":"tertiary","oneway":"yes"}},"category_id":3,"category_name":"Ordinary_highway","id":1590,"image_id":178,"iscrowd":0},{"area":238,"assist":{"category":{"description":"普通公路","id":3,"name":"Ordinary_highway"},"tags":{"highway":"tertiary","oneway":"yes"}},"category_id":3,"category_name":"Ordinary_highway","id":1591,"image_id":178,"iscrowd":0}],"categories":{"Ordinary_highway":150830,"River":0,"Urban_green":66815},"center":[116.33663179109652,39.88840174366359],"extent":{"xmax":116.33697511385047,"xmin":116.33628846834257,"ymax":39.88866517349035,"ymin":39.88813831383683},"file_name":"high/20_397392_863142.jpg","height":512,"id":178,"ins_file_name":"high/20_397392_863142.png","level":20,"seg_file_name":"high/20_397392_863142.png","tags":[{"highway":"tertiary","pixel":74322},{"highway":"trunk","pixel":59166},{"leisure":"park","pixel":122207},{"pixel":0,"water":"river"},{"pixel":0,"waterway":"canal"}],"valid_ratio":0.8302497863769531,"width":512}