{"annotations":[{"area":0,"assist":{"category":{"description":"河流","id":4,"name":"River"},"tags":{"natural":"water","water":"river"}},"category_id":4,"category_name":"River","id":1818,"image_id":224,"iscrowd":0},{"area":183112,"assist":{"category":{"description":"学校","id":32,"name":"School"},"tags":{"amenity":"school","name":"北京第二实验小学（广外分校）"}},"category_id":32,"category_name":"School","id":1819,"image_id":224,"iscrowd":0},{"area":0,"assist":{"category":{"description":"河流","id":4,"name":"River"},"tags":{"intermittent":"no","layer":"-1","lock":"no","name":"莲花河","name:en":"Lotus River","name:zh":"莲花河","name:zh-Hans":"莲花河","name:zh-Hant":"蓮花河","tunnel":"culvert","waterway":"canal","width":"20","wikidata":"Q10508526","wikipedia":"zh:莲花河"}},"category_id":4,"category_name":"River","id":1820,"image_id":224,"iscrowd":0}],"categories":{"River":0,"School":183112},"center":[116.33319856355698,39.88102531170513],"extent":{"xmax":116.33354188631094,"xmin":116.33285524080303,"ymax":39.8812887698752,"ymin":39.88076185353506},"file_name":"high/20_397420_863132.jpg","height":512,"id":224,"ins_file_name":"high/20_397420_863132.png","level":20,"seg_file_name":"high/20_397420_863132.png","tags":[{"amenity":"school","pixel":183112},{"pixel":0,"water":"river"},{"pixel":0,"waterway":"canal"}],"valid_ratio":0.698516845703125,"width":512}