{"annotations":[{"area":99500,"assist":{"category":{"description":"城市绿地","id":12,"name":"Urban_green"},"tags":{"leisure":"park","name":"广安门外城市休闲公园"}},"category_id":12,"category_name":"Urban_green","id":1193,"image_id":119,"iscrowd":0},{"area":32619,"assist":{"category":{"description":"建筑","id":15,"name":"Buildings"},"tags":{"building":"yes"}},"category_id":15,"category_name":"Buildings","id":1194,"image_id":119,"iscrowd":0},{"area":7160,"assist":{"category":{"description":"建筑","id":15,"name":"Buildings"},"tags":{"building":"yes"}},"category_id":15,"category_name":"Buildings","id":1195,"image_id":119,"iscrowd":0},{"area":0,"assist":{"category":{"description":"河流","id":4,"name":"River"},"tags":{"intermittent":"no","layer":"-1","lock":"no","name":"莲花河","name:en":"Lotus River","name:zh":"莲花河","name:zh-Hans":"莲花河","name:zh-Hant":"蓮花河","tunnel":"culvert","waterway":"canal","width":"20","wikidata":"Q10508526","wikipedia":"zh:莲花河"}},"category_id":4,"category_name":"River","id":1196,"image_id":119,"iscrowd":0}],"categories":{"Buildings":39779,"River":0,"Urban_green":99500},"center":[116.32564546297,39.89103599131674],"extent":{"xmax":116.32598878572395,"xmin":116.32530214021605,"ymax":39.89129941102058,"ymin":39.8907725716129},"file_name":"high/20_397382_863110.jpg","height":512,"id":119,"ins_file_name":"high/20_397382_863110.png","level":20,"seg_file_name":"high/20_397382_863110.png","tags":[{"building":"yes","pixel":39779},{"leisure":"park","pixel":99500},{"pixel":0,"waterway":"canal"}],"valid_ratio":0.5313072204589844,"width":512}