{"annotations":[{"area":0,"assist":{"category":{"description":"湖泊","id":5,"name":"Lake"},"tags":{"ele":"75","intermittent":"no","name":"Lake Ontario","name:ar":"بحيرة أونتاريو","name:be":"Возера Антарыа","name:cr":"ᑭᐦᒋ ᓵᑲᐦᐃᑲᐣ","name:crk":"kihci-sâkahikan","name:cs":"Ontarijské jezero","name:de":"Ontariosee","name:es":"Lago Ontario","name:fa":"دریاچه انتاریو","name:fr":"Lac Ontario","name:he":"ימת אונטריו","name:hu":"Ontarió-tó","name:lt":"Ontarijo ežeras","name:moh":"Oniatarí:io","name:oj":"Niigani-gichigami","name:pl":"Jezioro Ontario","name:ru":"озеро Онтарио","name:sk":"Ontárijské jazero","name:te":"ఒన్ టారియో","name:zh":"安大略湖","name:zh-Hans":"安大略湖","natural":"water","note":"If editing please make sure outer is intact and all islands are inner","salt":"no","sqkm":"19011","tidal":"no","type":"multipolygon","water":"lake","wikidata":"Q1062","wikipedia":"en:Lake Ontario"}},"category_id":5,"category_name":"Lake","id":5397,"image_id":889,"iscrowd":0},{"area":227209,"assist":{"category":{"description":"湖泊","id":5,"name":"Lake"},"tags":{"natural":"water"}},"category_id":5,"category_name":"Lake","id":5398,"image_id":889,"iscrowd":0},{"area":0,"assist":{"category":{"description":"河流","id":4,"name":"River"},"tags":{"waterway":"river"}},"category_id":4,"category_name":"River","id":5399,"image_id":889,"iscrowd":0},{"area":0,"assist":{"category":{"description":"普通公路","id":3,"name":"Ordinary_highway"},"tags":{"highway":"tertiary","name":"County Route 1","ref":"CR 1","tiger:cfcc":"A41","tiger:county":"Oswego, NY","tiger:name_base":"County Route 1","tiger:reviewed":"no"}},"category_id":3,"category_name":"Ordinary_highway","id":5400,"image_id":889,"iscrowd":0},{"area":0,"assist":{"category":{"description":"普通公路","id":3,"name":"Ordinary_highway"},"tags":{"highway":"tertiary","name":"County Route 1A","name_1":"County Route 1A","ref":"CR 1A","tiger:cfcc":"A41","tiger:county":"Oswego, NY","tiger:name_base":"County Route 1A;Lake","tiger:name_base_1":"County Route 1A","tiger:name_type":"Rd"}},"category_id":3,"category_name":"Ordinary_highway","id":5401,"image_id":889,"iscrowd":0}],"categories":{"Lake":227209,"Ordinary_highway":0,"River":0},"center":[-76.43806458583558,43.49278281259855],"extent":{"xmax":-76.43772126308163,"xmin":-76.43840790858954,"ymax":43.49303187989199,"ymin":43.49253374530511},"file_name":"high/20_383327_301645.jpg","height":512,"id":889,"ins_file_name":"high/20_383327_301645.png","level":20,"seg_file_name":"high/20_383327_301645.png","tags":[{"highway":"tertiary","pixel":0},{"natural":"water","pixel":227209},{"pixel":0,"water":"lake"},{"pixel":0,"waterway":"river"}],"valid_ratio":0.8667335510253906,"width":512}