{"annotations":[{"area":0,"assist":{"category":{"description":"湖泊","id":5,"name":"Lake"},"tags":{"ele":"75","intermittent":"no","name":"Lake Ontario","name:ar":"بحيرة أونتاريو","name:be":"Возера Антарыа","name:cr":"ᑭᐦᒋ ᓵᑲᐦᐃᑲᐣ","name:crk":"kihci-sâkahikan","name:cs":"Ontarijské jezero","name:de":"Ontariosee","name:es":"Lago Ontario","name:fa":"دریاچه انتاریو","name:fr":"Lac Ontario","name:he":"ימת אונטריו","name:hu":"Ontarió-tó","name:lt":"Ontarijo ežeras","name:moh":"Oniatarí:io","name:oj":"Niigani-gichigami","name:pl":"Jezioro Ontario","name:ru":"озеро Онтарио","name:sk":"Ontárijské jazero","name:te":"ఒన్ టారియో","name:zh":"安大略湖","name:zh-Hans":"安大略湖","natural":"water","note":"If editing please make sure outer is intact and all islands are inner","salt":"no","sqkm":"19011","tidal":"no","type":"multipolygon","water":"lake","wikidata":"Q1062","wikipedia":"en:Lake Ontario"}},"category_id":5,"category_name":"Lake","id":12098,"image_id":2149,"iscrowd":0},{"area":0,"assist":{"category":{"description":"河流","id":4,"name":"River"},"tags":{"natural":"water","type":"multipolygon","water":"river"}},"category_id":4,"category_name":"River","id":12099,"image_id":2149,"iscrowd":0},{"area":262144,"assist":{"category":{"description":"耕地","id":10,"name":"Farmland"},"tags":{"landuse":"farmland"}},"category_id":10,"category_name":"Farmland","id":12100,"image_id":2149,"iscrowd":0},{"area":0,"assist":{"category":{"description":"河流","id":4,"name":"River"},"tags":{"waterway":"river"}},"category_id":4,"category_name":"River","id":12101,"image_id":2149,"iscrowd":0},{"area":0,"assist":{"category":{"description":"铁路","id":1,"name":"Railway"},"tags":{"electrified":"no","gauge":"1435","name":"Fulton Subdivision","old_railway_operator":"NYO&W","operator":"CSX Transportation","operator:wikidata":"Q856783","railway":"rail","tiger:cfcc":"B21","tiger:county":"Oswego, NY","tiger:name_base":"Penn Central Railroad","usage":"branch"}},"category_id":1,"category_name":"Railway","id":12102,"image_id":2149,"iscrowd":0},{"area":0,"assist":{"category":{"description":"普通公路","id":3,"name":"Ordinary_highway"},"tags":{"highway":"residential","name":"Dutch Ridge Road","tiger:cfcc":"A41","tiger:county":"Oswego, NY","tiger:name_base":"Dutch Ridge","tiger:name_type":"Rd","tiger:reviewed":"no"}},"category_id":3,"category_name":"Ordinary_highway","id":12103,"image_id":2149,"iscrowd":0},{"area":0,"assist":{"category":{"description":"普通公路","id":3,"name":"Ordinary_highway"},"tags":{"highway":"tertiary","name":"County Route 53","tiger:cfcc":"A41","tiger:county":"Oswego, NY","tiger:name_base":"County Route 53","tiger:reviewed":"no","tiger:zip_left":"13126","tiger:zip_right":"13126"}},"category_id":3,"category_name":"Ordinary_highway","id":12104,"image_id":2149,"iscrowd":0}],"categories":{"Farmland":262144,"Lake":0,"Ordinary_highway":0,"Railway":0,"River":0},"center":[-76.45454407802536,43.419512637201976],"extent":{"xmax":-76.45420075527142,"xmin":-76.45488740077931,"ymax":43.419762006468915,"ymin":43.41926326793504},"file_name":"high/20_383621_301597.jpg","height":512,"id":2149,"ins_file_name":"high/20_383621_301597.png","level":20,"seg_file_name":"high/20_383621_301597.png","tags":[{"highway":"residential","pixel":0},{"highway":"tertiary","pixel":0},{"landuse":"farmland","pixel":262144},{"pixel":0,"railway":"rail"},{"pixel":0,"water":"lake"},{"pixel":0,"water":"river"},{"pixel":0,"waterway":"river"}],"valid_ratio":1.0,"width":512}