{"annotations":[{"area":262144,"assist":{"category":{"description":"林地","id":11,"name":"Forest"},"tags":{"natural":"wood","type":"multipolygon"}},"category_id":11,"category_name":"Forest","id":148885,"image_id":56537,"iscrowd":0}],"categories":{"Forest":262144},"center":[-74.10758973199555,44.231670608806155],"extent":{"xmax":-74.1072464092416,"xmin":-74.10793305474951,"ymax":44.23191660818901,"ymin":44.2314246094233},"file_name":"high/20_380342_308433.jpg","height":512,"id":56537,"ins_file_name":"high/20_380342_308433.png","level":20,"seg_file_name":"high/20_380342_308433.png","tags":[{"natural":"wood","pixel":262144}],"valid_ratio":1.0,"width":512}