{"annotations":[{"area":262144,"assist":{"category":{"description":"林地","id":11,"name":"Forest"},"tags":{"natural":"wood","type":"multipolygon"}},"category_id":11,"category_name":"Forest","id":142197,"image_id":53748,"iscrowd":0},{"area":0,"assist":{"category":{"description":"林地","id":11,"name":"Forest"},"tags":{"natural":"wood","type":"multipolygon"}},"category_id":11,"category_name":"Forest","id":142198,"image_id":53748,"iscrowd":0},{"area":0,"assist":{"category":{"description":"湿地","id":9,"name":"Swamp"},"tags":{"natural":"wetland","wetland":"marsh"}},"category_id":9,"category_name":"Swamp","id":142199,"image_id":53748,"iscrowd":0},{"area":0,"assist":{"category":{"description":"河流","id":4,"name":"River"},"tags":{"name":"Chubb River","waterway":"river"}},"category_id":4,"category_name":"River","id":142200,"image_id":53748,"iscrowd":0}],"categories":{"Forest":262144,"River":0,"Swamp":0},"center":[-74.03205872612565,44.24003399349644],"extent":{"xmax":-74.0317154033717,"xmin":-74.0324020488796,"ymax":44.24027995791886,"ymin":44.23978802907402},"file_name":"high/20_380308_308653.jpg","height":512,"id":53748,"ins_file_name":"high/20_380308_308653.png","level":20,"seg_file_name":"high/20_380308_308653.png","tags":[{"natural":"wetland","pixel":0},{"natural":"wood","pixel":262144},{"pixel":0,"waterway":"river"}],"valid_ratio":1.0,"width":512}