{"annotations":[{"area":262144,"assist":{"category":{"description":"林地","id":11,"name":"Forest"},"tags":{"natural":"wood","type":"multipolygon"}},"category_id":11,"category_name":"Forest","id":151453,"image_id":57722,"iscrowd":0}],"categories":{"Forest":262144},"center":[-74.09317017632947,44.22822651667836],"extent":{"xmax":-74.09282685357552,"xmin":-74.09351349908343,"ymax":44.2284725304566,"ymin":44.227980502900124},"file_name":"high/20_380356_308475.jpg","height":512,"id":57722,"ins_file_name":"high/20_380356_308475.png","level":20,"seg_file_name":"high/20_380356_308475.png","tags":[{"natural":"wood","pixel":262144}],"valid_ratio":1.0,"width":512}