{"annotations":[{"area":262144,"assist":{"category":{"description":"耕地","id":10,"name":"Farmland"},"tags":{"landuse":"farmland"}},"category_id":10,"category_name":"Farmland","id":88192,"image_id":11013,"iscrowd":0},{"area":0,"assist":{"category":{"description":"铁路","id":1,"name":"Railway"},"tags":{"bridge":"yes","bridge:length":"48153","bridge:name:en":"Beijing Grand Bridge","electrified":"contact_line","frequency":"50","full_name":"京沪高速铁路","gauge":"1435","highspeed":"yes","layer":"2","maxspeed":"350","maxspeed:designed":"380","name":"京沪高铁","name:en":"Beijing–Shanghai High-Speed Railway","name:zh":"京沪高铁","passenger_lines":"2","railway":"rail","railway:traffic_mode":"passenger","ref":"3002","usage":"main","voltage":"25000"}},"category_id":1,"category_name":"Railway","id":88193,"image_id":11013,"iscrowd":0},{"area":0,"assist":{"category":{"description":"铁路","id":1,"name":"Railway"},"tags":{"bridge":"yes","bridge:length":"48153","bridge:name:en":"Beijing Grand Bridge","electrified":"contact_line","frequency":"50","full_name":"京沪高速铁路","gauge":"1435","highspeed":"yes","layer":"2","maxspeed":"350","maxspeed:designed":"380","name":"京沪高铁","name:en":"Beijing–Shanghai High-Speed Railway","name:zh":"京沪高铁","passenger_lines":"2","railway":"rail","railway:traffic_mode":"passenger","ref":"3002","usage":"main","voltage":"25000"}},"category_id":1,"category_name":"Railway","id":88194,"image_id":11013,"iscrowd":0},{"area":0,"assist":{"category":{"description":"河流","id":4,"name":"River"},"tags":{"boat":"no","int_name":"Yongding","intermittent":"yes","layer":"-1","name":"永定河","name:en":"Yongding River","name:ru":"Юндин","name:uk":"Юндін","name:zh":"永定河","source":"Yahoo","waterway":"river"}},"category_id":4,"category_name":"River","id":88195,"image_id":11013,"iscrowd":0},{"area":0,"assist":{"category":{"description":"铁路","id":1,"name":"Railway"},"tags":{"bridge":"yes","electrified":"contact_line","frequency":"50","gauge":"1435","highspeed":"yes","layer":"2","maxspeed":"250","name":"京雄城际线","name:zh":"京雄城际线","passenger_lines":"2","railway":"rail","ref":"3085","usage":"main","voltage":"25000"}},"category_id":1,"category_name":"Railway","id":88196,"image_id":11013,"iscrowd":0},{"area":0,"assist":{"category":{"description":"铁路","id":1,"name":"Railway"},"tags":{"bridge":"yes","electrified":"contact_line","frequency":"50","gauge":"1435","highspeed":"yes","layer":"2","maxspeed":"250","name":"京雄城际线","name:zh":"京雄城际线","passenger_lines":"2","railway":"rail","ref":"3085","usage":"main","voltage":"25000"}},"category_id":1,"category_name":"Railway","id":88197,"image_id":11013,"iscrowd":0},{"area":0,"assist":{"category":{"description":"普通公路","id":3,"name":"Ordinary_highway"},"tags":{"highway":"primary","name":"魏石路","ref":"X017"}},"category_id":3,"category_name":"Ordinary_highway","id":88198,"image_id":11013,"iscrowd":0},{"area":0,"assist":{"category":{"description":"普通公路","id":3,"name":"Ordinary_highway"},"tags":{"highway":"tertiary"}},"category_id":3,"category_name":"Ordinary_highway","id":88199,"image_id":11013,"iscrowd":0}],"categories":{"Farmland":262144,"Ordinary_highway":0,"Railway":0,"River":0},"center":[116.38195039461846,39.56679385501356],"extent":{"xmax":116.3822937173724,"xmin":116.3816070718645,"ymax":39.567058516529016,"ymin":39.5665291934981},"file_name":"high/20_398610_863274.jpg","height":512,"id":11013,"ins_file_name":"high/20_398610_863274.png","level":20,"seg_file_name":"high/20_398610_863274.png","tags":[{"highway":"primary","pixel":0},{"highway":"tertiary","pixel":0},{"landuse":"farmland","pixel":262144},{"pixel":0,"railway":"rail"},{"pixel":0,"waterway":"river"}],"valid_ratio":1.0,"width":512}