{"annotations":[{"area":87503,"assist":{"category":{"description":"林地","id":11,"name":"Forest"},"tags":{"landuse":"forest"}},"category_id":11,"category_name":"Forest","id":161524,"image_id":22823,"iscrowd":0},{"area":174641,"assist":{"category":{"description":"耕地","id":10,"name":"Farmland"},"tags":{"landuse":"farmland"}},"category_id":10,"category_name":"Farmland","id":161525,"image_id":22823,"iscrowd":0},{"area":0,"assist":{"category":{"description":"河流","id":4,"name":"River"},"tags":{"boat":"no","int_name":"Yongding","intermittent":"yes","layer":"-1","name":"永定河","name:en":"Yongding River","name:ru":"Юндин","name:uk":"Юндін","name:zh":"永定河","source":"Yahoo","waterway":"river"}},"category_id":4,"category_name":"River","id":161526,"image_id":22823,"iscrowd":0},{"area":0,"assist":{"category":{"description":"普通公路","id":3,"name":"Ordinary_highway"},"tags":{"embankment":"yes","highway":"residential"}},"category_id":3,"category_name":"Ordinary_highway","id":161527,"image_id":22823,"iscrowd":0},{"area":0,"assist":{"category":{"description":"普通公路","id":3,"name":"Ordinary_highway"},"tags":{"embankment":"yes","highway":"residential"}},"category_id":3,"category_name":"Ordinary_highway","id":161528,"image_id":22823,"iscrowd":0},{"area":0,"assist":{"category":{"description":"河流","id":4,"name":"River"},"tags":{"boat":"no","code":"ACC14006","name":"天堂河","name:en":"Tiantang River","name:zh":"天堂河","name:zh-Latn-pinyin":"tiāntáng hé","nsdi_code":"CB5705","source":"landsat","waterway":"river","zhb_code":"07CB020700"}},"category_id":4,"category_name":"River","id":161529,"image_id":22823,"iscrowd":0}],"categories":{"Farmland":174641,"Forest":87503,"Ordinary_highway":0,"River":0},"center":[116.37096406649192,39.52125713343693],"extent":{"xmax":116.37130738924589,"xmin":116.37062074373797,"ymax":39.52152196867516,"ymin":39.520992298198706},"file_name":"high/20_398782_863242.jpg","height":512,"id":22823,"ins_file_name":"high/20_398782_863242.png","level":20,"seg_file_name":"high/20_398782_863242.png","tags":[{"highway":"residential","pixel":0},{"landuse":"farmland","pixel":174641},{"landuse":"forest","pixel":87503},{"pixel":0,"waterway":"river"}],"valid_ratio":1.0,"width":512}