{"annotations":[{"area":88346,"assist":{"category":{"description":"林地","id":11,"name":"Forest"},"tags":{"landuse":"forest"}},"category_id":11,"category_name":"Forest","id":99356,"image_id":12806,"iscrowd":0},{"area":21757,"assist":{"category":{"description":"耕地","id":10,"name":"Farmland"},"tags":{"landuse":"farmland"}},"category_id":10,"category_name":"Farmland","id":99357,"image_id":12806,"iscrowd":0},{"area":16486,"assist":{"category":{"description":"耕地","id":10,"name":"Farmland"},"tags":{"landuse":"farmland"}},"category_id":10,"category_name":"Farmland","id":99358,"image_id":12806,"iscrowd":0},{"area":42978,"assist":{"category":{"description":"耕地","id":10,"name":"Farmland"},"tags":{"landuse":"farmland"}},"category_id":10,"category_name":"Farmland","id":99359,"image_id":12806,"iscrowd":0},{"area":0,"assist":{"category":{"description":"铁路","id":1,"name":"Railway"},"tags":{"bridge":"yes","bridge:length":"48153","bridge:name:en":"Beijing Grand Bridge","electrified":"contact_line","frequency":"50","full_name":"京沪高速铁路","gauge":"1435","highspeed":"yes","layer":"2","maxspeed":"350","maxspeed:designed":"380","name":"京沪高铁","name:en":"Beijing–Shanghai High-Speed Railway","name:zh":"京沪高铁","passenger_lines":"2","railway":"rail","railway:traffic_mode":"passenger","ref":"3002","usage":"main","voltage":"25000"}},"category_id":1,"category_name":"Railway","id":99360,"image_id":12806,"iscrowd":0},{"area":0,"assist":{"category":{"description":"铁路","id":1,"name":"Railway"},"tags":{"bridge":"yes","bridge:length":"48153","bridge:name:en":"Beijing Grand Bridge","electrified":"contact_line","frequency":"50","full_name":"京沪高速铁路","gauge":"1435","highspeed":"yes","layer":"2","maxspeed":"350","maxspeed:designed":"380","name":"京沪高铁","name:en":"Beijing–Shanghai High-Speed Railway","name:zh":"京沪高铁","passenger_lines":"2","railway":"rail","railway:traffic_mode":"passenger","ref":"3002","usage":"main","voltage":"25000"}},"category_id":1,"category_name":"Railway","id":99361,"image_id":12806,"iscrowd":0},{"area":0,"assist":{"category":{"description":"河流","id":4,"name":"River"},"tags":{"boat":"no","int_name":"Yongding","intermittent":"yes","layer":"-1","name":"永定河","name:en":"Yongding River","name:ru":"Юндин","name:uk":"Юндін","name:zh":"永定河","source":"Yahoo","waterway":"river"}},"category_id":4,"category_name":"River","id":99362,"image_id":12806,"iscrowd":0},{"area":0,"assist":{"category":{"description":"铁路","id":1,"name":"Railway"},"tags":{"bridge":"yes","electrified":"contact_line","frequency":"50","gauge":"1435","highspeed":"yes","layer":"2","maxspeed":"250","name":"京雄城际线","name:zh":"京雄城际线","passenger_lines":"2","railway":"rail","ref":"3085","usage":"main","voltage":"25000"}},"category_id":1,"category_name":"Railway","id":99363,"image_id":12806,"iscrowd":0},{"area":0,"assist":{"category":{"description":"铁路","id":1,"name":"Railway"},"tags":{"bridge":"yes","electrified":"contact_line","frequency":"50","gauge":"1435","highspeed":"yes","layer":"2","maxspeed":"250","name":"京雄城际线","name:zh":"京雄城际线","passenger_lines":"2","railway":"rail","ref":"3085","usage":"main","voltage":"25000"}},"category_id":1,"category_name":"Railway","id":99364,"image_id":12806,"iscrowd":0},{"area":12673,"assist":{"category":{"description":"普通公路","id":3,"name":"Ordinary_highway"},"tags":{"highway":"tertiary"}},"category_id":3,"category_name":"Ordinary_highway","id":99365,"image_id":12806,"iscrowd":0},{"area":5170,"assist":{"category":{"description":"普通公路","id":3,"name":"Ordinary_highway"},"tags":{"highway":"tertiary"}},"category_id":3,"category_name":"Ordinary_highway","id":99366,"image_id":12806,"iscrowd":0}],"categories":{"Farmland":77237,"Forest":79236,"Ordinary_highway":29450,"Railway":0,"River":0},"center":[116.35860444734959,39.56202978408972],"extent":{"xmax":116.35894777010355,"xmin":116.35826112459564,"ymax":39.562294463787936,"ymin":39.5617651043915},"file_name":"high/20_398628_863206.jpg","height":512,"id":12806,"ins_file_name":"high/20_398628_863206.png","level":20,"seg_file_name":"high/20_398628_863206.png","tags":[{"highway":"tertiary","pixel":17843},{"landuse":"farmland","pixel":81221},{"landuse":"forest","pixel":88346},{"pixel":0,"railway":"rail"},{"pixel":0,"waterway":"river"}],"valid_ratio":0.7092399597167969,"width":512}