{"annotations":[{"area":0,"assist":{"category":{"description":"湖泊","id":5,"name":"Lake"},"tags":{"ele":"75","intermittent":"no","name":"Lake Ontario","name:ar":"بحيرة أونتاريو","name:be":"Возера Антарыа","name:cr":"ᑭᐦᒋ ᓵᑲᐦᐃᑲᐣ","name:crk":"kihci-sâkahikan","name:cs":"Ontarijské jezero","name:de":"Ontariosee","name:es":"Lago Ontario","name:fa":"دریاچه انتاریو","name:fr":"Lac Ontario","name:he":"ימת אונטריו","name:hu":"Ontarió-tó","name:lt":"Ontarijo ežeras","name:moh":"Oniatarí:io","name:oj":"Niigani-gichigami","name:pl":"Jezioro Ontario","name:ru":"озеро Онтарио","name:sk":"Ontárijské jazero","name:te":"ఒన్ టారియో","name:zh":"安大略湖","name:zh-Hans":"安大略湖","natural":"water","note":"If editing please make sure outer is intact and all islands are inner","salt":"no","sqkm":"19011","tidal":"no","type":"multipolygon","water":"lake","wikidata":"Q1062","wikipedia":"en:Lake Ontario"}},"category_id":5,"category_name":"Lake","id":1151,"image_id":129,"iscrowd":0},{"area":186915,"assist":{"category":{"description":"墓地","id":37,"name":"Grave_yard"},"tags":{"landuse":"cemetery","name":"Mount Albion Cemetery","park":"leisure","wikidata":"Q8509826"}},"category_id":37,"category_name":"Grave_yard","id":1152,"image_id":129,"iscrowd":0},{"area":0,"assist":{"category":{"description":"河流","id":4,"name":"River"},"tags":{"boat":"yes","canoe":"yes","deep_draft":"no","intermittent":"no","motorboat":"yes","name":"Erie Canal","ship":"yes","source:deep_draft":"National Transportation Atlas Database 2011","waterway":"canal","width":"20"}},"category_id":4,"category_name":"River","id":1153,"image_id":129,"iscrowd":0}],"categories":{"Grave_yard":186915,"Lake":0,"River":0},"center":[-78.16017151966905,43.238199913763225],"extent":{"xmax":-78.15948487416114,"xmin":-78.16085816517696,"ymax":43.238700143302225,"ymin":43.237699684224225},"file_name":"high/19_192173_148314.jpg","height":512,"id":129,"ins_file_name":"high/19_192173_148314.png","level":19,"seg_file_name":"high/19_192173_148314.png","tags":[{"landuse":"cemetery","pixel":186915},{"pixel":0,"water":"lake"},{"pixel":0,"waterway":"canal"}],"valid_ratio":0.7130241394042969,"width":512}