{"annotations":[{"area":0,"assist":{"category":{"description":"湖泊","id":5,"name":"Lake"},"tags":{"ele":"75","intermittent":"no","name":"Lake Ontario","name:ar":"بحيرة أونتاريو","name:be":"Возера Антарыа","name:cr":"ᑭᐦᒋ ᓵᑲᐦᐃᑲᐣ","name:crk":"kihci-sâkahikan","name:cs":"Ontarijské jezero","name:de":"Ontariosee","name:es":"Lago Ontario","name:fa":"دریاچه انتاریو","name:fr":"Lac Ontario","name:he":"ימת אונטריו","name:hu":"Ontarió-tó","name:lt":"Ontarijo ežeras","name:moh":"Oniatarí:io","name:oj":"Niigani-gichigami","name:pl":"Jezioro Ontario","name:ru":"озеро Онтарио","name:sk":"Ontárijské jazero","name:te":"ఒన్ టారియో","name:zh":"安大略湖","name:zh-Hans":"安大略湖","natural":"water","note":"If editing please make sure outer is intact and all islands are inner","salt":"no","sqkm":"19011","tidal":"no","type":"multipolygon","water":"lake","wikidata":"Q1062","wikipedia":"en:Lake Ontario"}},"category_id":5,"category_name":"Lake","id":1389,"image_id":186,"iscrowd":0},{"area":0,"assist":{"category":{"description":"河流","id":4,"name":"River"},"tags":{"natural":"water","water":"canal"}},"category_id":4,"category_name":"River","id":1390,"image_id":186,"iscrowd":0},{"area":146872,"assist":{"category":{"description":"湖泊","id":5,"name":"Lake"},"tags":{"natural":"water"}},"category_id":5,"category_name":"Lake","id":1391,"image_id":186,"iscrowd":0},{"area":0,"assist":{"category":{"description":"河流","id":4,"name":"River"},"tags":{"boat":"yes","canoe":"yes","deep_draft":"no","intermittent":"no","motorboat":"yes","name":"Erie Canal","ship":"yes","source:deep_draft":"National Transportation Atlas Database 2011","waterway":"canal","width":"20"}},"category_id":4,"category_name":"River","id":1392,"image_id":186,"iscrowd":0},{"area":0,"assist":{"category":{"description":"普通公路","id":3,"name":"Ordinary_highway"},"tags":{"alt_name":"Yaeger Road","highway":"residential","name":"Yager Road","source:name":"gis.ny.gov/gisdata","surface":"paved","tiger:cfcc":"A41","tiger:county":"Orleans, NY","tiger:name_base":"Yaeger","tiger:name_type":"Rd","tiger:zip_left":"14411"}},"category_id":3,"category_name":"Ordinary_highway","id":1393,"image_id":186,"iscrowd":0}],"categories":{"Lake":146872,"Ordinary_highway":0,"River":0},"center":[-78.13167573109085,43.250454306481174],"extent":{"xmax":-78.1313324083369,"xmin":-78.1320190538448,"ymax":43.2507043709432,"ymin":43.25020424201915},"file_name":"high/20_384298_296712.jpg","height":512,"id":186,"ins_file_name":"high/20_384298_296712.png","level":20,"seg_file_name":"high/20_384298_296712.png","tags":[{"highway":"residential","pixel":0},{"natural":"water","pixel":146872},{"pixel":0,"water":"canal"},{"pixel":0,"water":"lake"},{"pixel":0,"waterway":"canal"}],"valid_ratio":0.560272216796875,"width":512}