{"annotations":[{"area":0,"assist":{"category":{"description":"湖泊","id":5,"name":"Lake"},"tags":{"ele":"75","intermittent":"no","name":"Lake Ontario","name:ar":"بحيرة أونتاريو","name:be":"Возера Антарыа","name:cr":"ᑭᐦᒋ ᓵᑲᐦᐃᑲᐣ","name:crk":"kihci-sâkahikan","name:cs":"Ontarijské jezero","name:de":"Ontariosee","name:es":"Lago Ontario","name:fa":"دریاچه انتاریو","name:fr":"Lac Ontario","name:he":"ימת אונטריו","name:hu":"Ontarió-tó","name:lt":"Ontarijo ežeras","name:moh":"Oniatarí:io","name:oj":"Niigani-gichigami","name:pl":"Jezioro Ontario","name:ru":"озеро Онтарио","name:sk":"Ontárijské jazero","name:te":"ఒన్ టారియో","name:zh":"安大略湖","name:zh-Hans":"安大略湖","natural":"water","note":"If editing please make sure outer is intact and all islands are inner","salt":"no","sqkm":"19011","tidal":"no","type":"multipolygon","water":"lake","wikidata":"Q1062","wikipedia":"en:Lake Ontario"}},"category_id":5,"category_name":"Lake","id":1670,"image_id":252,"iscrowd":0},{"area":160550,"assist":{"category":{"description":"河流","id":4,"name":"River"},"tags":{"natural":"water","water":"canal"}},"category_id":4,"category_name":"River","id":1671,"image_id":252,"iscrowd":0},{"area":31288,"assist":{"category":{"description":"河流","id":4,"name":"River"},"tags":{"boat":"yes","canoe":"yes","deep_draft":"no","intermittent":"no","motorboat":"yes","name":"Erie Canal","ship":"yes","source:deep_draft":"National Transportation Atlas Database 2011","waterway":"canal","width":"20"}},"category_id":4,"category_name":"River","id":1672,"image_id":252,"iscrowd":0},{"area":0,"assist":{"category":{"description":"普通公路","id":3,"name":"Ordinary_highway"},"tags":{"highway":"residential","name":"Presbyterian Road","tiger:cfcc":"A41","tiger:county":"Orleans, NY","tiger:name_base":"Presbyterian","tiger:name_type":"Rd","tiger:reviewed":"no"}},"category_id":3,"category_name":"Ordinary_highway","id":1673,"image_id":252,"iscrowd":0}],"categories":{"Lake":0,"Ordinary_highway":0,"River":160550},"center":[-78.28754426138599,43.24795361052617],"extent":{"xmax":-78.28720093863204,"xmin":-78.28788758413995,"ymax":43.248203685255135,"ymin":43.2477035357972},"file_name":"high/20_384308_296258.jpg","height":512,"id":252,"ins_file_name":"high/20_384308_296258.png","level":20,"seg_file_name":"high/20_384308_296258.png","tags":[{"highway":"residential","pixel":0},{"pixel":160550,"water":"canal"},{"pixel":0,"water":"lake"},{"pixel":31288,"waterway":"canal"}],"valid_ratio":0.6124496459960938,"width":512}