{"annotations":[{"area":0,"assist":{"category":{"description":"河流","id":4,"name":"River"},"tags":{"natural":"water","water":"canal"}},"category_id":4,"category_name":"River","id":1339,"image_id":145,"iscrowd":0},{"area":262144,"assist":{"category":{"description":"城市绿地","id":12,"name":"Urban_green"},"tags":{"ele":"154","gnis:county_id":"043","gnis:created":"11/28/2007","gnis:feature_id":"2363709","gnis:state_id":"36","leisure":"park","name":"Lehman Park"}},"category_id":12,"category_name":"Urban_green","id":1340,"image_id":145,"iscrowd":0},{"area":4581,"assist":{"category":{"description":"体育场地","id":33,"name":"Sport_field"},"tags":{"leisure":"pitch","source":"Bing","sport":"baseball"}},"category_id":33,"category_name":"Sport_field","id":1341,"image_id":145,"iscrowd":0},{"area":0,"assist":{"category":{"description":"铁路","id":1,"name":"Railway"},"tags":{"electrified":"no","gauge":"1435","maxspeed":"79 mph","name":"Mohawk Subdivision","old_railway_operator":"NYC","operator":"CSX Transportation","operator:wikidata":"Q856783","owner":"CSX","railway":"rail","railway:track_ref":"1","usage":"main"}},"category_id":1,"category_name":"Railway","id":1342,"image_id":145,"iscrowd":0},{"area":0,"assist":{"category":{"description":"铁路","id":1,"name":"Railway"},"tags":{"electrified":"no","gauge":"1435","maxspeed":"75 mph","name":"Mohawk Subdivision","old_railway_operator":"NYC","operator":"CSX Transportation","operator:wikidata":"Q856783","owner":"CSX","railway":"rail","railway:track_ref":"2","usage":"main"}},"category_id":1,"category_name":"Railway","id":1343,"image_id":145,"iscrowd":0},{"area":0,"assist":{"category":{"description":"普通公路","id":3,"name":"Ordinary_highway"},"tags":{"hgv":"designated","hgv:state_network":"yes","highway":"primary","name":"State Highway 5","rcn_ref":"5","ref":"NY 5","source:hgv:state_network":"NYSDOT https://www.dot.ny.gov/divisions/operating/oom/transportation-systems/repository/2010%20trk%20access%20bk.pdf","surface":"asphalt","tiger:cfcc":"A35","tiger:county":"Herkimer, NY","tiger:name_base":"State Highway 5"}},"category_id":3,"category_name":"Ordinary_highway","id":1344,"image_id":145,"iscrowd":0},{"area":0,"assist":{"category":{"description":"普通公路","id":3,"name":"Ordinary_highway"},"tags":{"highway":"residential","name":"Everett Street","tiger:cfcc":"A41","tiger:county":"Herkimer, NY","tiger:name_base":"Everett","tiger:name_type":"St","tiger:reviewed":"no"}},"category_id":3,"category_name":"Ordinary_highway","id":1345,"image_id":145,"iscrowd":0}],"categories":{"Ordinary_highway":0,"Railway":0,"River":0,"Sport_field":4581,"Urban_green":257563},"center":[-75.07953644843944,43.036023037259966],"extent":{"xmax":-75.07919312568549,"xmin":-75.07987977119339,"ymax":43.036273980365166,"ymin":43.035772094154765},"file_name":"high/20_385154_305602.jpg","height":512,"id":145,"ins_file_name":"high/20_385154_305602.png","level":20,"seg_file_name":"high/20_385154_305602.png","tags":[{"highway":"primary","pixel":0},{"highway":"residential","pixel":0},{"leisure":"park","pixel":262144},{"leisure":"pitch","pixel":4581},{"pixel":0,"railway":"rail"},{"pixel":0,"water":"canal"}],"valid_ratio":1.0,"width":512}