{"annotations":[{"area":0,"assist":{"category":{"description":"河流","id":4,"name":"River"},"tags":{"natural":"water","water":"canal"}},"category_id":4,"category_name":"River","id":2243,"image_id":239,"iscrowd":0},{"area":262144,"assist":{"category":{"description":"学校","id":32,"name":"School"},"tags":{"amenity":"school"}},"category_id":32,"category_name":"School","id":2244,"image_id":239,"iscrowd":0},{"area":262144,"assist":{"category":{"description":"体育场地","id":33,"name":"Sport_field"},"tags":{"area":"yes","leisure":"track","source":"Bing","sport":"running"}},"category_id":33,"category_name":"Sport_field","id":2245,"image_id":239,"iscrowd":0},{"area":0,"assist":{"category":{"description":"铁路","id":1,"name":"Railway"},"tags":{"electrified":"no","gauge":"1435","maxspeed":"79 mph","name":"Mohawk Subdivision","old_railway_operator":"NYC","operator":"CSX Transportation","operator:wikidata":"Q856783","owner":"CSX","railway":"rail","railway:track_ref":"1","usage":"main"}},"category_id":1,"category_name":"Railway","id":2246,"image_id":239,"iscrowd":0},{"area":0,"assist":{"category":{"description":"铁路","id":1,"name":"Railway"},"tags":{"electrified":"no","gauge":"1435","maxspeed":"75 mph","name":"Mohawk Subdivision","old_railway_operator":"NYC","operator":"CSX Transportation","operator:wikidata":"Q856783","owner":"CSX","railway":"rail","railway:track_ref":"2","usage":"main"}},"category_id":1,"category_name":"Railway","id":2247,"image_id":239,"iscrowd":0},{"area":0,"assist":{"category":{"description":"普通公路","id":3,"name":"Ordinary_highway"},"tags":{"hgv":"designated","hgv:state_network":"yes","highway":"primary","name":"State Highway 5","rcn_ref":"5","ref":"NY 5","source:hgv:state_network":"NYSDOT https://www.dot.ny.gov/divisions/operating/oom/transportation-systems/repository/2010%20trk%20access%20bk.pdf","surface":"asphalt","tiger:cfcc":"A35","tiger:county":"Herkimer, NY","tiger:name_base":"State Highway 5"}},"category_id":3,"category_name":"Ordinary_highway","id":2248,"image_id":239,"iscrowd":0},{"area":0,"assist":{"category":{"description":"普通公路","id":3,"name":"Ordinary_highway"},"tags":{"highway":"tertiary","name":"Reese Road","ref":"CR 81","tiger:cfcc":"A41","tiger:county":"Herkimer, NY","tiger:name_base":"Reese","tiger:name_type":"Rd","tiger:zip_left":"13340"}},"category_id":3,"category_name":"Ordinary_highway","id":2249,"image_id":239,"iscrowd":0},{"area":0,"assist":{"category":{"description":"普通公路","id":3,"name":"Ordinary_highway"},"tags":{"highway":"residential","name":"3rd Avenue","tiger:cfcc":"A41","tiger:county":"Herkimer, NY","tiger:name_base":"3rd","tiger:name_type":"Ave","tiger:reviewed":"no","tiger:zip_left":"13340","tiger:zip_right":"13340"}},"category_id":3,"category_name":"Ordinary_highway","id":2250,"image_id":239,"iscrowd":0},{"area":0,"assist":{"category":{"description":"普通公路","id":3,"name":"Ordinary_highway"},"tags":{"bicycle":"yes","expressway":"yes","hgv":"designated","hgv:state_network":"yes","highway":"primary","lanes":"2","oneway":"yes","ref":"NY 5S","source:hgv:state_network":"NYSDOT https://www.dot.ny.gov/divisions/operating/oom/transportation-systems/repository/2010%20trk%20access%20bk.pdf","tiger:cfcc":"A35","tiger:county":"Herkimer, NY","tiger:name_base":"State Highway 5S","tiger:zip_left":"13340"}},"category_id":3,"category_name":"Ordinary_highway","id":2251,"image_id":239,"iscrowd":0},{"area":0,"assist":{"category":{"description":"普通公路","id":3,"name":"Ordinary_highway"},"tags":{"bicycle":"yes","expressway":"yes","hgv":"designated","hgv:state_network":"yes","highway":"primary","lanes":"2","oneway":"yes","ref":"NY 5S","source:hgv:state_network":"NYSDOT https://www.dot.ny.gov/divisions/operating/oom/transportation-systems/repository/2010%20trk%20access%20bk.pdf","tiger:cfcc":"A35","tiger:county":"Herkimer, NY","tiger:name_base":"State Highway 5S"}},"category_id":3,"category_name":"Ordinary_highway","id":2252,"image_id":239,"iscrowd":0}],"categories":{"Ordinary_highway":0,"Railway":0,"River":0,"School":0,"Sport_field":262144},"center":[-75.07404328437616,43.02648645835305],"extent":{"xmax":-75.07369996162221,"xmin":-75.07438660713012,"ymax":43.02673744045333,"ymin":43.026235476252765},"file_name":"high/20_385192_305618.jpg","height":512,"id":239,"ins_file_name":"high/20_385192_305618.png","level":20,"seg_file_name":"high/20_385192_305618.png","tags":[{"amenity":"school","pixel":262144},{"highway":"primary","pixel":0},{"highway":"residential","pixel":0},{"highway":"tertiary","pixel":0},{"leisure":"track","pixel":262144},{"pixel":0,"railway":"rail"},{"pixel":0,"water":"canal"}],"valid_ratio":1.0,"width":512}