{"annotations":[{"area":0,"assist":{"category":{"description":"河流","id":4,"name":"River"},"tags":{"natural":"water","type":"multipolygon","water":"canal"}},"category_id":4,"category_name":"River","id":624,"image_id":53,"iscrowd":0},{"area":152138,"assist":{"category":{"description":"建筑","id":15,"name":"Buildings"},"tags":{"addr:city":"Frankfort","addr:housenumber":"232","addr:postcode":"13340","addr:state":"NY","addr:street":"Industrial Park Drive","building":"yes","nysgissam:nysaddresspointid":"HERK023916"}},"category_id":15,"category_name":"Buildings","id":625,"image_id":53,"iscrowd":0},{"area":0,"assist":{"category":{"description":"河流","id":4,"name":"River"},"tags":{"boat":"yes","canoe":"yes","deep_draft":"no","motorboat":"yes","name":"Erie Canal","ship":"yes","source:deep_draft":"National Transportation Atlas Database 2011","waterway":"canal"}},"category_id":4,"category_name":"River","id":626,"image_id":53,"iscrowd":0},{"area":0,"assist":{"category":{"description":"河流","id":4,"name":"River"},"tags":{"name":"Mohawk River","name:moh":"Teionontatátie","waterway":"river"}},"category_id":4,"category_name":"River","id":627,"image_id":53,"iscrowd":0},{"area":0,"assist":{"category":{"description":"普通公路","id":3,"name":"Ordinary_highway"},"tags":{"bicycle":"yes","expressway":"yes","hgv":"designated","hgv:state_network":"yes","highway":"primary","lanes":"2","oneway":"yes","ref":"NY 5S","source:hgv:state_network":"NYSDOT https://www.dot.ny.gov/divisions/operating/oom/transportation-systems/repository/2010%20trk%20access%20bk.pdf","tiger:cfcc":"A35","tiger:county":"Herkimer, NY","tiger:name_base":"State Highway 5S"}},"category_id":3,"category_name":"Ordinary_highway","id":628,"image_id":53,"iscrowd":0},{"area":0,"assist":{"category":{"description":"普通公路","id":3,"name":"Ordinary_highway"},"tags":{"bicycle":"yes","expressway":"yes","hgv":"designated","hgv:state_network":"yes","highway":"primary","lanes":"2","oneway":"yes","ref":"NY 5S","source:hgv:state_network":"NYSDOT https://www.dot.ny.gov/divisions/operating/oom/transportation-systems/repository/2010%20trk%20access%20bk.pdf","tiger:cfcc":"A35","tiger:county":"Herkimer, NY","tiger:name_base":"State Highway 5S","tiger:zip_left":"13340"}},"category_id":3,"category_name":"Ordinary_highway","id":629,"image_id":53,"iscrowd":0}],"categories":{"Buildings":152138,"Ordinary_highway":0,"River":0},"center":[-75.17772675607029,43.081176171191316],"extent":{"xmax":-75.17738343331634,"xmin":-75.17807007882423,"ymax":43.081426929570966,"ymin":43.080925412811666},"file_name":"high/20_384974_305316.jpg","height":512,"id":53,"ins_file_name":"high/20_384974_305316.png","level":20,"seg_file_name":"high/20_384974_305316.png","tags":[{"building":"yes","pixel":152138},{"highway":"primary","pixel":0},{"pixel":0,"water":"canal"},{"pixel":0,"waterway":"canal"},{"pixel":0,"waterway":"river"}],"valid_ratio":0.5803604125976563,"width":512}