{"annotations":[{"area":262144,"assist":{"category":{"description":"林地","id":11,"name":"Forest"},"tags":{"natural":"wood","type":"multipolygon"}},"category_id":11,"category_name":"Forest","id":93328,"image_id":24148,"iscrowd":0},{"area":0,"assist":{"category":{"description":"河流","id":4,"name":"River"},"tags":{"boat":"no","name":"安达木河","source":"landsat","waterway":"river"}},"category_id":4,"category_name":"River","id":93329,"image_id":24148,"iscrowd":0}],"categories":{"Forest":262144,"River":0},"center":[117.27458955489897,40.58319212561685],"extent":{"xmax":117.27493287765292,"xmin":117.274246232145,"ymax":40.583452866264366,"ymin":40.58293138496933},"file_name":"high/20_394741_865874.jpg","height":512,"id":24148,"ins_file_name":"high/20_394741_865874.png","level":20,"seg_file_name":"high/20_394741_865874.png","tags":[{"natural":"wood","pixel":262144},{"pixel":0,"waterway":"river"}],"valid_ratio":1.0,"width":512}