{"annotations":[{"area":0,"assist":{"category":{"description":"林地","id":11,"name":"Forest"},"tags":{"natural":"wood"}},"category_id":11,"category_name":"Forest","id":108661,"image_id":28744,"iscrowd":0},{"area":262144,"assist":{"category":{"description":"林地","id":11,"name":"Forest"},"tags":{"natural":"wood"}},"category_id":11,"category_name":"Forest","id":108662,"image_id":28744,"iscrowd":0},{"area":0,"assist":{"category":{"description":"河流","id":4,"name":"River"},"tags":{"boat":"no","name":"安达木河","source":"landsat","waterway":"river"}},"category_id":4,"category_name":"River","id":108663,"image_id":28744,"iscrowd":0},{"area":0,"assist":{"category":{"description":"普通公路","id":3,"name":"Ordinary_highway"},"tags":{"highway":"residential","source":"maxar"}},"category_id":3,"category_name":"Ordinary_highway","id":108664,"image_id":28744,"iscrowd":0}],"categories":{"Forest":262144,"Ordinary_highway":0,"River":0},"center":[117.20661164961606,40.569632237788454],"extent":{"xmax":117.20695497237003,"xmin":117.20626832686212,"ymax":40.569893031287535,"ymin":40.569371444289374},"file_name":"high/20_394793_865676.jpg","height":512,"id":28744,"ins_file_name":"high/20_394793_865676.png","level":20,"seg_file_name":"high/20_394793_865676.png","tags":[{"highway":"residential","pixel":0},{"natural":"wood","pixel":262144},{"pixel":0,"waterway":"river"}],"valid_ratio":1.0,"width":512}