{"annotations":[{"area":262144,"assist":{"category":{"description":"林地","id":11,"name":"Forest"},"tags":{"natural":"wood"}},"category_id":11,"category_name":"Forest","id":98613,"image_id":25888,"iscrowd":0},{"area":0,"assist":{"category":{"description":"河流","id":4,"name":"River"},"tags":{"boat":"no","name":"安达木河","source":"landsat","waterway":"river"}},"category_id":4,"category_name":"River","id":98614,"image_id":25888,"iscrowd":0},{"area":0,"assist":{"category":{"description":"普通公路","id":3,"name":"Ordinary_highway"},"tags":{"highway":"trunk","name":"京沈线","note":"old trunk road superceded by expressway","ref":"G101","source":"bing"}},"category_id":3,"category_name":"Ordinary_highway","id":98615,"image_id":25888,"iscrowd":0},{"area":0,"assist":{"category":{"description":"高速公路","id":2,"name":"Motorway"},"tags":{"highway":"motorway","lanes":"2","name":"京承高速","name:en":"Beijing - Chengde Expressway","name:zh":"京承高速","oneway":"yes","ref":"G45","surface":"asphalt"}},"category_id":2,"category_name":"Motorway","id":98616,"image_id":25888,"iscrowd":0},{"area":885,"assist":{"category":{"description":"高速公路","id":2,"name":"Motorway"},"tags":{"highway":"motorway","lanes":"2","name":"京承高速","name:en":"Beijing - Chengde Expressway","name:zh":"京承高速","oneway":"yes","ref":"G45","surface":"asphalt"}},"category_id":2,"category_name":"Motorway","id":98617,"image_id":25888,"iscrowd":0}],"categories":{"Forest":261259,"Motorway":885,"Ordinary_highway":0,"River":0},"center":[117.17021943769694,40.57693405735252],"extent":{"xmax":117.17056276045089,"xmin":117.169876114943,"ymax":40.57719482239355,"ymin":40.57667329231148},"file_name":"high/20_394765_865570.jpg","height":512,"id":25888,"ins_file_name":"high/20_394765_865570.png","level":20,"seg_file_name":"high/20_394765_865570.png","tags":[{"highway":"motorway","pixel":885},{"highway":"trunk","pixel":0},{"natural":"wood","pixel":262144},{"pixel":0,"waterway":"river"}],"valid_ratio":1.0,"width":512}