{"annotations":[{"area":0,"assist":{"category":{"description":"湖泊","id":5,"name":"Lake"},"tags":{"alt_name:ar":"بحيرة إري","alt_name:oj":"Aanikegamaa-gichigami","ele":"173","gnis:feature_id":"1075813","name":"Lake Erie","name:ar":"بحيرة إيري","name:be":"Возера Эры","name:br":"Lenn Erie","name:cr":"ᐆᓈᑖᐍᐏ ᓵᑲᐦᐃᑲᐣ","name:crk":"onâtawêwi-sâkahikan","name:cs":"Erijské jezero","name:de":"Eriesee","name:en":"Lake Erie","name:es":"Lago Erie","name:fa":"دریاچه ایری","name:fr":"Lac Érié","name:he":"ימת אירי","name:hu":"Erie-tó","name:lt":"Eris","name:mia":"ciinkwhtanwi kihcikami","name:moh":"Kanahnòn:ke","name:oj":"Aanikegamaa-gichigami","name:ru":"озеро Эри","name:sk":"Erijské jazero","name:zh":"伊利湖","name:zh-Hans":"伊利湖","natural":"water","salt":"no","source:name:br":"ofis publik ar brezhoneg","sqkm":"25667","type":"multipolygon","water":"lake","wikidata":"Q5492","wikipedia":"en:Lake Erie"}},"category_id":5,"category_name":"Lake","id":3633,"image_id":787,"iscrowd":0},{"area":148734,"assist":{"category":{"description":"林地","id":11,"name":"Forest"},"tags":{"natural":"wood"}},"category_id":11,"category_name":"Forest","id":3634,"image_id":787,"iscrowd":0},{"area":114980,"assist":{"category":{"description":"耕地","id":10,"name":"Farmland"},"tags":{"landuse":"farmland"}},"category_id":10,"category_name":"Farmland","id":3635,"image_id":787,"iscrowd":0},{"area":0,"assist":{"category":{"description":"河流","id":4,"name":"River"},"tags":{"name":"Conewango Creek","name:moh":"Kahná:wakon","source":"Bing;aerial imagery;gps;local knowledge","waterway":"river","width":"20","wikipedia":"en:Conewango Creek"}},"category_id":4,"category_name":"River","id":3636,"image_id":787,"iscrowd":0},{"area":0,"assist":{"category":{"description":"普通公路","id":3,"name":"Ordinary_highway"},"tags":{"NHS":"yes","bicycle":"yes","foot":"yes","hgv":"designated","hgv:state_network":"yes","highway":"trunk","lanes":"2","ref":"US 62","source:hgv:state_network":"NYSDOT https://www.dot.ny.gov/divisions/operating/oom/transportation-systems/repository/2010%20trk%20access%20bk.pdf","tiger:cfcc":"A21","tiger:county":"Chautauqua, NY","tiger:name_base":"United States Highway 62"}},"category_id":3,"category_name":"Ordinary_highway","id":3637,"image_id":787,"iscrowd":0},{"area":0,"assist":{"category":{"description":"普通公路","id":3,"name":"Ordinary_highway"},"tags":{"highway":"tertiary","name":"Kiantone Road","name_1":"Co Touring Rte 49","name_2":"County Road 52","tiger:cfcc":"A31","tiger:county":"Chautauqua, NY","tiger:name_base":"Kiantone","tiger:name_base_1":"Co Touring Rte 49","tiger:name_base_2":"County Road 52","tiger:name_type":"Rd","tiger:reviewed":"no","tiger:zip_left":"14701","tiger:zip_right":"14701"}},"category_id":3,"category_name":"Ordinary_highway","id":3638,"image_id":787,"iscrowd":0}],"categories":{"Farmland":114980,"Forest":147164,"Lake":0,"Ordinary_highway":0,"River":0},"center":[-79.16782380252414,42.028129032833505],"extent":{"xmax":-79.16748047977019,"xmin":-79.1681671252781,"ymax":42.02838405854732,"ymin":42.02787400711969},"file_name":"high/20_389138_293694.jpg","height":512,"id":787,"ins_file_name":"high/20_389138_293694.png","level":20,"seg_file_name":"high/20_389138_293694.png","tags":[{"highway":"tertiary","pixel":0},{"highway":"trunk","pixel":0},{"landuse":"farmland","pixel":114980},{"natural":"wood","pixel":148734},{"pixel":0,"water":"lake"},{"pixel":0,"waterway":"river"}],"valid_ratio":1.0,"width":512}