{"annotations":[{"area":0,"assist":{"category":{"description":"湖泊","id":5,"name":"Lake"},"tags":{"alt_name:ar":"بحيرة إري","alt_name:oj":"Aanikegamaa-gichigami","ele":"173","gnis:feature_id":"1075813","name":"Lake Erie","name:ar":"بحيرة إيري","name:be":"Возера Эры","name:br":"Lenn Erie","name:cr":"ᐆᓈᑖᐍᐏ ᓵᑲᐦᐃᑲᐣ","name:crk":"onâtawêwi-sâkahikan","name:cs":"Erijské jezero","name:de":"Eriesee","name:en":"Lake Erie","name:es":"Lago Erie","name:fa":"دریاچه ایری","name:fr":"Lac Érié","name:he":"ימת אירי","name:hu":"Erie-tó","name:lt":"Eris","name:mia":"ciinkwhtanwi kihcikami","name:moh":"Kanahnòn:ke","name:oj":"Aanikegamaa-gichigami","name:ru":"озеро Эри","name:sk":"Erijské jazero","name:zh":"伊利湖","name:zh-Hans":"伊利湖","natural":"water","salt":"no","source:name:br":"ofis publik ar brezhoneg","sqkm":"25667","type":"multipolygon","water":"lake","wikidata":"Q5492","wikipedia":"en:Lake Erie"}},"category_id":5,"category_name":"Lake","id":3051,"image_id":652,"iscrowd":0},{"area":262144,"assist":{"category":{"description":"林地","id":11,"name":"Forest"},"tags":{"natural":"wood"}},"category_id":11,"category_name":"Forest","id":3052,"image_id":652,"iscrowd":0},{"area":0,"assist":{"category":{"description":"普通公路","id":3,"name":"Ordinary_highway"},"tags":{"NHS":"yes","bicycle":"yes","foot":"yes","hgv":"designated","hgv:state_network":"yes","highway":"trunk","lanes":"2","ref":"US 62","source:hgv:state_network":"NYSDOT https://www.dot.ny.gov/divisions/operating/oom/transportation-systems/repository/2010%20trk%20access%20bk.pdf","tiger:cfcc":"A21","tiger:county":"Chautauqua, NY","tiger:name_base":"United States Highway 62"}},"category_id":3,"category_name":"Ordinary_highway","id":3053,"image_id":652,"iscrowd":0},{"area":0,"assist":{"category":{"description":"普通公路","id":3,"name":"Ordinary_highway"},"tags":{"highway":"tertiary","name":"Kiantone Road","name_1":"Co Touring Rte 49","name_2":"County Road 52","tiger:cfcc":"A31","tiger:county":"Chautauqua, NY","tiger:name_base":"Kiantone","tiger:name_base_1":"Co Touring Rte 49","tiger:name_base_2":"County Road 52","tiger:name_type":"Rd","tiger:reviewed":"no","tiger:zip_left":"14701","tiger:zip_right":"14701"}},"category_id":3,"category_name":"Ordinary_highway","id":3054,"image_id":652,"iscrowd":0}],"categories":{"Forest":262144,"Lake":0,"Ordinary_highway":0},"center":[-79.19872285038002,42.03067923881716],"extent":{"xmax":-79.19837952762607,"xmin":-79.19906617313397,"ymax":42.030934254300064,"ymin":42.03042422333425},"file_name":"high/20_389128_293604.jpg","height":512,"id":652,"ins_file_name":"high/20_389128_293604.png","level":20,"seg_file_name":"high/20_389128_293604.png","tags":[{"highway":"tertiary","pixel":0},{"highway":"trunk","pixel":0},{"natural":"wood","pixel":262144},{"pixel":0,"water":"lake"}],"valid_ratio":1.0,"width":512}