{"annotations":[{"area":12679,"assist":{"category":{"description":"建筑","id":15,"name":"Buildings"},"tags":{"building":"yes"}},"category_id":15,"category_name":"Buildings","id":23485,"image_id":1838,"iscrowd":0},{"area":47705,"assist":{"category":{"description":"建筑","id":15,"name":"Buildings"},"tags":{"addr:city":"北京市","addr:district":"海淀区","addr:housenumber":"29","addr:postcode":"100083","addr:province":"北京市","addr:street":"成府路","building":"apartments","building:levels":"10","height":"30"}},"category_id":15,"category_name":"Buildings","id":23486,"image_id":1838,"iscrowd":0},{"area":0,"assist":{"category":{"description":"河流","id":4,"name":"River"},"tags":{"boat":"no","code":"ACB13106","name":"温榆河","name:en":"Wenyu River","name:zh":"温榆河","name:zh-Hans":"温榆河","name:zh-Hant":"溫榆河","name:zh-Latn-pinyin":"wēnyú hé","nsdi_code":"CB4005","source":"Yahoo","waterway":"river","zhb_code":"07CB010301"}},"category_id":4,"category_name":"River","id":23487,"image_id":1838,"iscrowd":0},{"area":0,"assist":{"category":{"description":"铁路","id":1,"name":"Railway"},"tags":{"electrified":"contact_line","frequency":"50","gauge":"1435","highspeed":"yes","layer":"-1","maxspeed":"120","name":"京包客专线","name:zh":"京包客专线","name:zh-Hans":"京包客专线","name:zh-Hant":"京包客專線","oneway":"yes","railway":"rail","railway:traffic_mode":"passenger","ref":"3066","start_date":"2019-12-30","tunnel":"yes","usage":"main","voltage":"25000"}},"category_id":1,"category_name":"Railway","id":23488,"image_id":1838,"iscrowd":0},{"area":29676,"assist":{"category":{"description":"普通公路","id":3,"name":"Ordinary_highway"},"tags":{"highway":"residential"}},"category_id":3,"category_name":"Ordinary_highway","id":23489,"image_id":1838,"iscrowd":0},{"area":25401,"assist":{"category":{"description":"普通公路","id":3,"name":"Ordinary_highway"},"tags":{"highway":"residential"}},"category_id":3,"category_name":"Ordinary_highway","id":23490,"image_id":1838,"iscrowd":0},{"area":16569,"assist":{"category":{"description":"普通公路","id":3,"name":"Ordinary_highway"},"tags":{"highway":"residential"}},"category_id":3,"category_name":"Ordinary_highway","id":23491,"image_id":1838,"iscrowd":0},{"area":2714,"assist":{"category":{"description":"普通公路","id":3,"name":"Ordinary_highway"},"tags":{"highway":"residential"}},"category_id":3,"category_name":"Ordinary_highway","id":23492,"image_id":1838,"iscrowd":0}],"categories":{"Buildings":60366,"Ordinary_highway":80884,"Railway":0,"River":0},"center":[116.33731843660442,39.987642835994635],"extent":{"xmax":116.33766175935838,"xmin":116.33697511385047,"ymax":39.98790588407192,"ymin":39.98737978791735},"file_name":"high/20_397015_863144.jpg","height":512,"id":1838,"ins_file_name":"high/20_397015_863144.png","level":20,"seg_file_name":"high/20_397015_863144.png","tags":[{"building":"apartments","pixel":47705},{"building":"yes","pixel":12679},{"highway":"residential","pixel":74360},{"pixel":0,"railway":"rail"},{"pixel":0,"waterway":"river"}],"valid_ratio":0.5388259887695313,"width":512}