{"annotations":[{"area":57012,"assist":{"category":{"description":"体育场地","id":33,"name":"Sport_field"},"tags":{"leisure":"pitch","name":"小足球场","name:de":"Fußballfeldchen","name:en":"Small Football Field","name:zh":"小足球场","name:zh-Hans":"小足球场","name:zh-Hant":"小足球場","sport":"soccer"}},"category_id":33,"category_name":"Sport_field","id":26019,"image_id":2206,"iscrowd":0},{"area":35727,"assist":{"category":{"description":"体育场地","id":33,"name":"Sport_field"},"tags":{"access":"permissive","barrier":"fence","fee":"no","fence_type":"chain_link","indoor":"no","leisure":"pitch","lit":"no","loc_name":"TD线","name":"体能锻炼走廊","name:zh":"体能锻炼走廊","name:zh-Hans":"体能锻炼走廊","name:zh-Hant":"體能鍛煉走廊","note":"雨雪天气不对外开放","opening_hours":"06:30-10:00,11:30-14:00, 15:30-19:00","surface":"local knowledge"}},"category_id":33,"category_name":"Sport_field","id":26020,"image_id":2206,"iscrowd":0},{"area":104643,"assist":{"category":{"description":"体育场地","id":33,"name":"Sport_field"},"tags":{"leisure":"pitch","name":"网球场","name:zh":"网球场","name:zh-Hans":"网球场","name:zh-Hant":"網球場","sport":"tennis"}},"category_id":33,"category_name":"Sport_field","id":26021,"image_id":2206,"iscrowd":0},{"area":30422,"assist":{"category":{"description":"体育场地","id":33,"name":"Sport_field"},"tags":{"leisure":"pitch","name":"排球场","name:zh":"排球场","name:zh-Hans":"排球场","name:zh-Hant":"排球場","sport":"volleyball"}},"category_id":33,"category_name":"Sport_field","id":26022,"image_id":2206,"iscrowd":0},{"area":0,"assist":{"category":{"description":"河流","id":4,"name":"River"},"tags":{"boat":"no","code":"ACB13106","name":"温榆河","name:en":"Wenyu River","name:zh":"温榆河","name:zh-Hans":"温榆河","name:zh-Hant":"溫榆河","name:zh-Latn-pinyin":"wēnyú hé","nsdi_code":"CB4005","source":"Yahoo","waterway":"river","zhb_code":"07CB010301"}},"category_id":4,"category_name":"River","id":26023,"image_id":2206,"iscrowd":0},{"area":0,"assist":{"category":{"description":"铁路","id":1,"name":"Railway"},"tags":{"electrified":"contact_line","frequency":"50","gauge":"1435","highspeed":"yes","layer":"-1","maxspeed":"120","name":"京包客专线","name:zh":"京包客专线","name:zh-Hans":"京包客专线","name:zh-Hant":"京包客專線","oneway":"yes","railway":"rail","railway:traffic_mode":"passenger","ref":"3066","start_date":"2019-12-30","tunnel":"yes","usage":"main","voltage":"25000"}},"category_id":1,"category_name":"Railway","id":26024,"image_id":2206,"iscrowd":0}],"categories":{"Railway":0,"River":0,"Sport_field":227804},"center":[116.34075166414397,39.97922477892057],"extent":{"xmax":116.34109498689791,"xmin":116.34040834139002,"ymax":39.97948785941014,"ymin":39.97896169843099},"file_name":"high/20_397047_863154.jpg","height":512,"id":2206,"ins_file_name":"high/20_397047_863154.png","level":20,"seg_file_name":"high/20_397047_863154.png","tags":[{"leisure":"pitch","pixel":227804},{"pixel":0,"railway":"rail"},{"pixel":0,"waterway":"river"}],"valid_ratio":0.8690032958984375,"width":512}