{"annotations":[{"area":0,"assist":{"category":{"description":"河流","id":4,"name":"River"},"tags":{"natural":"water","water":"canal"}},"category_id":4,"category_name":"River","id":16070,"image_id":871,"iscrowd":0},{"area":262144,"assist":{"category":{"description":"城市绿地","id":12,"name":"Urban_green"},"tags":{"leisure":"park","name":"东升八家郊野公园南区","name:zh":"东升八家郊野公园南区","name:zh-Hans":"东升八家郊野公园南区","name:zh-Hant":"東昇八家郊野公園南區"}},"category_id":12,"category_name":"Urban_green","id":16071,"image_id":871,"iscrowd":0},{"area":0,"assist":{"category":{"description":"河流","id":4,"name":"River"},"tags":{"boat":"no","code":"ACB13106","name":"温榆河","name:en":"Wenyu River","name:zh":"温榆河","name:zh-Hans":"温榆河","name:zh-Hant":"溫榆河","name:zh-Latn-pinyin":"wēnyú hé","nsdi_code":"CB4005","source":"Yahoo","waterway":"river","zhb_code":"07CB010301"}},"category_id":4,"category_name":"River","id":16072,"image_id":871,"iscrowd":0},{"area":0,"assist":{"category":{"description":"河流","id":4,"name":"River"},"tags":{"name":"清河","name:en":"Qing river","name:zh":"清河","name:zh-Latn-pinyin":"Qīng hé","waterway":"canal","wikidata":"Q10392039"}},"category_id":4,"category_name":"River","id":16073,"image_id":871,"iscrowd":0},{"area":0,"assist":{"category":{"description":"高速公路","id":2,"name":"Motorway"},"tags":{"highway":"motorway","lanes":"3","name":"京新高速","name:zh":"京新高速","name:zh-Hans":"京新高速","name:zh-Hant":"京新高速","oneway":"yes","ref":"G7"}},"category_id":2,"category_name":"Motorway","id":16074,"image_id":871,"iscrowd":0},{"area":0,"assist":{"category":{"description":"高速公路","id":2,"name":"Motorway"},"tags":{"highway":"motorway","lanes":"3","name":"京新高速","name:zh":"京新高速","name:zh-Hans":"京新高速","name:zh-Hant":"京新高速","oneway":"yes","ref":"G7"}},"category_id":2,"category_name":"Motorway","id":16075,"image_id":871,"iscrowd":0},{"area":0,"assist":{"category":{"description":"普通公路","id":3,"name":"Ordinary_highway"},"tags":{"highway":"residential","source":"digitalglobe"}},"category_id":3,"category_name":"Ordinary_highway","id":16076,"image_id":871,"iscrowd":0}],"categories":{"Motorway":0,"Ordinary_highway":0,"River":0,"Urban_green":262144},"center":[116.32976533601745,40.01499435790613],"extent":{"xmax":116.3301086587714,"xmin":116.3294220132635,"ymax":40.01525730063187,"ymin":40.01473141518039},"file_name":"high/20_396911_863122.jpg","height":512,"id":871,"ins_file_name":"high/20_396911_863122.png","level":20,"seg_file_name":"high/20_396911_863122.png","tags":[{"highway":"motorway","pixel":0},{"highway":"residential","pixel":0},{"leisure":"park","pixel":262144},{"pixel":0,"water":"canal"},{"pixel":0,"waterway":"canal"},{"pixel":0,"waterway":"river"}],"valid_ratio":1.0,"width":512}