{"annotations":[{"area":7617,"assist":{"category":{"description":"空地","id":14,"name":"Space"},"tags":{"landuse":"brownfield"}},"category_id":14,"category_name":"Space","id":27811,"image_id":3254,"iscrowd":0},{"area":58537,"assist":{"category":{"description":"城市绿地","id":12,"name":"Urban_green"},"tags":{"leisure":"park"}},"category_id":12,"category_name":"Urban_green","id":27812,"image_id":3254,"iscrowd":0},{"area":25681,"assist":{"category":{"description":"空地","id":14,"name":"Space"},"tags":{"landuse":"brownfield"}},"category_id":14,"category_name":"Space","id":27813,"image_id":3254,"iscrowd":0},{"area":0,"assist":{"category":{"description":"河流","id":4,"name":"River"},"tags":{"layer":"-5","name":"南水北调中线工程总干渠","tunnel":"culvert","waterway":"canal"}},"category_id":4,"category_name":"River","id":27814,"image_id":3254,"iscrowd":0},{"area":0,"assist":{"category":{"description":"铁路","id":1,"name":"Railway"},"tags":{"bridge":"viaduct","electrified":"contact_line","frequency":"50","gauge":"1435","layer":"2","maxspeed":"160","name":"京广高速京西联络线","oneway":"yes","railway":"rail","railway:traffic_mode":"passenger","ref":"2339","start_date":"2012-12-26","usage":"main","voltage":"25000"}},"category_id":1,"category_name":"Railway","id":27815,"image_id":3254,"iscrowd":0},{"area":0,"assist":{"category":{"description":"铁路","id":1,"name":"Railway"},"tags":{"bridge":"viaduct","electrified":"contact_line","frequency":"50","gauge":"1435","layer":"2","maxspeed":"160","name":"京广高速京西联络线","oneway":"yes","railway":"rail","railway:traffic_mode":"passenger","ref":"2339","start_date":"2012-12-26","usage":"main","voltage":"25000"}},"category_id":1,"category_name":"Railway","id":27816,"image_id":3254,"iscrowd":0},{"area":4398,"assist":{"category":{"description":"普通公路","id":3,"name":"Ordinary_highway"},"tags":{"highway":"tertiary","name":"大瓦窑中路"}},"category_id":3,"category_name":"Ordinary_highway","id":27817,"image_id":3254,"iscrowd":0},{"area":15828,"assist":{"category":{"description":"普通公路","id":3,"name":"Ordinary_highway"},"tags":{"highway":"trunk","oneway":"yes","ref":"G107"}},"category_id":3,"category_name":"Ordinary_highway","id":27818,"image_id":3254,"iscrowd":0},{"area":10697,"assist":{"category":{"description":"普通公路","id":3,"name":"Ordinary_highway"},"tags":{"highway":"trunk","oneway":"yes","ref":"G107"}},"category_id":3,"category_name":"Ordinary_highway","id":27819,"image_id":3254,"iscrowd":0},{"area":14959,"assist":{"category":{"description":"普通公路","id":3,"name":"Ordinary_highway"},"tags":{"highway":"tertiary","oneway":"yes"}},"category_id":3,"category_name":"Ordinary_highway","id":27820,"image_id":3254,"iscrowd":0},{"area":13583,"assist":{"category":{"description":"普通公路","id":3,"name":"Ordinary_highway"},"tags":{"highway":"tertiary","oneway":"yes"}},"category_id":3,"category_name":"Ordinary_highway","id":27821,"image_id":3254,"iscrowd":0}],"categories":{"Ordinary_highway":64261,"Railway":0,"River":0,"Space":33298,"Urban_green":58537},"center":[116.2322616738945,39.85836416600763],"extent":{"xmax":116.23260499664846,"xmin":116.23191835114055,"ymax":39.85862771122382,"ymin":39.85810062079145},"file_name":"high/20_397506_862838.jpg","height":512,"id":3254,"ins_file_name":"high/20_397506_862838.png","level":20,"seg_file_name":"high/20_397506_862838.png","tags":[{"highway":"tertiary","pixel":32940},{"highway":"trunk","pixel":26525},{"landuse":"brownfield","pixel":33298},{"leisure":"park","pixel":58537},{"pixel":0,"railway":"rail"},{"pixel":0,"waterway":"canal"}],"valid_ratio":0.595458984375,"width":512}