{"annotations":[{"area":100856,"assist":{"category":{"description":"停车场","id":17,"name":"Parking_lot"},"tags":{"amenity":"parking"}},"category_id":17,"category_name":"Parking_lot","id":25817,"image_id":3041,"iscrowd":0},{"area":0,"assist":{"category":{"description":"河流","id":4,"name":"River"},"tags":{"layer":"-5","name":"南水北调中线工程总干渠","tunnel":"culvert","waterway":"canal"}},"category_id":4,"category_name":"River","id":25818,"image_id":3041,"iscrowd":0},{"area":0,"assist":{"category":{"description":"铁路","id":1,"name":"Railway"},"tags":{"bridge":"viaduct","electrified":"contact_line","frequency":"50","gauge":"1435","layer":"2","maxspeed":"160","name":"京广高速京西联络线","oneway":"yes","railway":"rail","railway:traffic_mode":"passenger","ref":"2339","start_date":"2012-12-26","usage":"main","voltage":"25000"}},"category_id":1,"category_name":"Railway","id":25819,"image_id":3041,"iscrowd":0},{"area":0,"assist":{"category":{"description":"铁路","id":1,"name":"Railway"},"tags":{"bridge":"viaduct","electrified":"contact_line","frequency":"50","gauge":"1435","layer":"2","maxspeed":"160","name":"京广高速京西联络线","oneway":"yes","railway":"rail","railway:traffic_mode":"passenger","ref":"2339","start_date":"2012-12-26","usage":"main","voltage":"25000"}},"category_id":1,"category_name":"Railway","id":25820,"image_id":3041,"iscrowd":0},{"area":0,"assist":{"category":{"description":"高速公路","id":2,"name":"Motorway"},"tags":{"alt_name":"京石高速公路","alt_name:en":"Jingshi Expressway","highway":"motorway","lanes":"3","name":"北京-港澳高速公路","oneway":"yes","ref":"G4","short_name":"京港澳高速"}},"category_id":2,"category_name":"Motorway","id":25821,"image_id":3041,"iscrowd":0},{"area":0,"assist":{"category":{"description":"高速公路","id":2,"name":"Motorway"},"tags":{"alt_name":"京石高速公路","alt_name:en":"Jingshi Expressway","highway":"motorway","lanes":"3","name":"北京-港澳高速公路","oneway":"yes","ref":"G4","short_name":"京港澳高速"}},"category_id":2,"category_name":"Motorway","id":25822,"image_id":3041,"iscrowd":0},{"area":0,"assist":{"category":{"description":"高速公路","id":2,"name":"Motorway"},"tags":{"bridge":"yes","highway":"motorway_link","layer":"1","oneway":"yes"}},"category_id":2,"category_name":"Motorway","id":25823,"image_id":3041,"iscrowd":0},{"area":0,"assist":{"category":{"description":"高速公路","id":2,"name":"Motorway"},"tags":{"bridge":"yes","highway":"motorway_link","layer":"1","oneway":"yes"}},"category_id":2,"category_name":"Motorway","id":25824,"image_id":3041,"iscrowd":0},{"area":0,"assist":{"category":{"description":"普通公路","id":3,"name":"Ordinary_highway"},"tags":{"highway":"trunk","name":"卢沟桥路","ref":"G107"}},"category_id":3,"category_name":"Ordinary_highway","id":25825,"image_id":3041,"iscrowd":0},{"area":0,"assist":{"category":{"description":"普通公路","id":3,"name":"Ordinary_highway"},"tags":{"cycleway:right":"lane","highway":"tertiary","name":"丰体南路","oneway":"yes"}},"category_id":3,"category_name":"Ordinary_highway","id":25826,"image_id":3041,"iscrowd":0},{"area":17082,"assist":{"category":{"description":"普通公路","id":3,"name":"Ordinary_highway"},"tags":{"highway":"secondary","name":"程庄路","oneway":"yes"}},"category_id":3,"category_name":"Ordinary_highway","id":25827,"image_id":3041,"iscrowd":0},{"area":12800,"assist":{"category":{"description":"普通公路","id":3,"name":"Ordinary_highway"},"tags":{"highway":"secondary","name":"程庄路","oneway":"yes"}},"category_id":3,"category_name":"Ordinary_highway","id":25828,"image_id":3041,"iscrowd":0}],"categories":{"Motorway":0,"Ordinary_highway":59145,"Parking_lot":100856,"Railway":0,"River":0},"center":[116.25835420319498,39.8641619158345],"extent":{"xmax":116.25869752594895,"xmin":116.25801088044103,"ymax":39.86442543878425,"ymin":39.86389839288475},"file_name":"high/20_397484_862914.jpg","height":512,"id":3041,"ins_file_name":"high/20_397484_862914.png","level":20,"seg_file_name":"high/20_397484_862914.png","tags":[{"amenity":"parking","pixel":100856},{"highway":"motorway","pixel":0},{"highway":"motorway_link","pixel":0},{"highway":"secondary","pixel":29882},{"highway":"tertiary","pixel":0},{"highway":"trunk","pixel":0},{"pixel":0,"railway":"rail"},{"pixel":0,"waterway":"canal"}],"valid_ratio":0.6103553771972656,"width":512}