{"annotations":[{"area":0,"assist":{"category":{"description":"空地","id":14,"name":"Space"},"tags":{"landuse":"brownfield"}},"category_id":14,"category_name":"Space","id":19971,"image_id":2234,"iscrowd":0},{"area":103374,"assist":{"category":{"description":"城市绿地","id":12,"name":"Urban_green"},"tags":{"leisure":"park","name":"西局玉璞园-西区"}},"category_id":12,"category_name":"Urban_green","id":19972,"image_id":2234,"iscrowd":0},{"area":50683,"assist":{"category":{"description":"城市绿地","id":12,"name":"Urban_green"},"tags":{"leisure":"park"}},"category_id":12,"category_name":"Urban_green","id":19973,"image_id":2234,"iscrowd":0}],"categories":{"Space":0,"Urban_green":154057},"center":[116.29611970612994,39.87312111110465],"extent":{"xmax":116.29646302888389,"xmin":116.295776383376,"ymax":39.87338459964104,"ymin":39.87285762256826},"file_name":"high/20_397450_863024.jpg","height":512,"id":2234,"ins_file_name":"high/20_397450_863024.png","level":20,"seg_file_name":"high/20_397450_863024.png","tags":[{"landuse":"brownfield","pixel":0},{"leisure":"park","pixel":154057}],"valid_ratio":0.5876808166503906,"width":512}