{"annotations":[{"area":150180,"assist":{"category":{"description":"耕地","id":10,"name":"Farmland"},"tags":{"landuse":"farmland"}},"category_id":10,"category_name":"Farmland","id":50502,"image_id":6968,"iscrowd":0},{"area":0,"assist":{"category":{"description":"铁路","id":1,"name":"Railway"},"tags":{"bridge":"viaduct","bridge:name":"凉水河特大桥","electrified":"contact_line","frequency":"50","gauge":"1435","highspeed":"yes","layer":"1","maxspeed":"350","name":"京津城际线","name:en":"Beijing-Tianjin Intercity Railway","passenger_lines":"2","railway":"rail","ref":"3010","start_date":"2008-08-01","usage":"main","voltage":"25000"}},"category_id":1,"category_name":"Railway","id":50503,"image_id":6968,"iscrowd":0},{"area":0,"assist":{"category":{"description":"铁路","id":1,"name":"Railway"},"tags":{"bridge":"viaduct","bridge:name":"凉水河特大桥","electrified":"contact_line","frequency":"50","gauge":"1435","highspeed":"yes","layer":"1","maxspeed":"350","name":"京津城际线","name:en":"Beijing-Tianjin Intercity Railway","passenger_lines":"2","railway":"rail","ref":"3010","start_date":"2008-08-01","usage":"main","voltage":"25000"}},"category_id":1,"category_name":"Railway","id":50504,"image_id":6968,"iscrowd":0},{"area":0,"assist":{"category":{"description":"河流","id":4,"name":"River"},"tags":{"name":"凤港减河","waterway":"canal"}},"category_id":4,"category_name":"River","id":50505,"image_id":6968,"iscrowd":0},{"area":0,"assist":{"category":{"description":"普通公路","id":3,"name":"Ordinary_highway"},"tags":{"highway":"tertiary"}},"category_id":3,"category_name":"Ordinary_highway","id":50506,"image_id":6968,"iscrowd":0},{"area":29477,"assist":{"category":{"description":"普通公路","id":3,"name":"Ordinary_highway"},"tags":{"highway":"residential"}},"category_id":3,"category_name":"Ordinary_highway","id":50507,"image_id":6968,"iscrowd":0}],"categories":{"Farmland":150180,"Ordinary_highway":29477,"Railway":0,"River":0},"center":[116.76303865150743,39.73253798851813],"extent":{"xmax":116.76338197426139,"xmin":116.76269532875348,"ymax":39.732802016308284,"ymin":39.73227396072798},"file_name":"high/20_397983_864384.jpg","height":512,"id":6968,"ins_file_name":"high/20_397983_864384.png","level":20,"seg_file_name":"high/20_397983_864384.png","tags":[{"highway":"residential","pixel":29477},{"highway":"tertiary","pixel":0},{"landuse":"farmland","pixel":150180},{"pixel":0,"railway":"rail"},{"pixel":0,"waterway":"canal"}],"valid_ratio":0.6853370666503906,"width":512}