{"annotations":[{"area":262144,"assist":{"category":{"description":"耕地","id":10,"name":"Farmland"},"tags":{"landuse":"farmland"}},"category_id":10,"category_name":"Farmland","id":43374,"image_id":5655,"iscrowd":0},{"area":0,"assist":{"category":{"description":"普通公路","id":3,"name":"Ordinary_highway"},"tags":{"highway":"trunk","lanes":"2","oneway":"yes","ref":"G103","surface":"asphalt"}},"category_id":3,"category_name":"Ordinary_highway","id":43375,"image_id":5655,"iscrowd":0},{"area":0,"assist":{"category":{"description":"普通公路","id":3,"name":"Ordinary_highway"},"tags":{"highway":"tertiary"}},"category_id":3,"category_name":"Ordinary_highway","id":43376,"image_id":5655,"iscrowd":0}],"categories":{"Farmland":262144,"Ordinary_highway":0},"center":[116.83101655679036,39.753656975500945],"extent":{"xmax":116.83135987954431,"xmin":116.8306732340364,"ymax":39.753920922383514,"ymin":39.753393028618376},"file_name":"high/20_397903_864582.jpg","height":512,"id":5655,"ins_file_name":"high/20_397903_864582.png","level":20,"seg_file_name":"high/20_397903_864582.png","tags":[{"highway":"tertiary","pixel":0},{"highway":"trunk","pixel":0},{"landuse":"farmland","pixel":262144}],"valid_ratio":1.0,"width":512}