{"annotations":[{"area":262144,"assist":{"category":{"description":"城市绿地","id":12,"name":"Urban_green"},"tags":{"leisure":"park","name":"凤港河湿地(西鲁公园)"}},"category_id":12,"category_name":"Urban_green","id":43195,"image_id":5620,"iscrowd":0},{"area":0,"assist":{"category":{"description":"河流","id":4,"name":"River"},"tags":{"natural":"water","water":"canal"}},"category_id":4,"category_name":"River","id":43196,"image_id":5620,"iscrowd":0},{"area":0,"assist":{"category":{"description":"铁路","id":1,"name":"Railway"},"tags":{"bridge":"viaduct","bridge:name":"凉水河特大桥","electrified":"contact_line","frequency":"50","gauge":"1435","highspeed":"yes","layer":"1","maxspeed":"350","name":"京津城际线","name:en":"Beijing-Tianjin Intercity Railway","passenger_lines":"2","railway":"rail","ref":"3010","start_date":"2008-08-01","usage":"main","voltage":"25000"}},"category_id":1,"category_name":"Railway","id":43197,"image_id":5620,"iscrowd":0},{"area":0,"assist":{"category":{"description":"铁路","id":1,"name":"Railway"},"tags":{"bridge":"viaduct","bridge:name":"凉水河特大桥","electrified":"contact_line","frequency":"50","gauge":"1435","highspeed":"yes","layer":"1","maxspeed":"350","name":"京津城际线","name:en":"Beijing-Tianjin Intercity Railway","passenger_lines":"2","railway":"rail","ref":"3010","start_date":"2008-08-01","usage":"main","voltage":"25000"}},"category_id":1,"category_name":"Railway","id":43198,"image_id":5620,"iscrowd":0},{"area":0,"assist":{"category":{"description":"河流","id":4,"name":"River"},"tags":{"name":"凤港减河","waterway":"canal"}},"category_id":4,"category_name":"River","id":43199,"image_id":5620,"iscrowd":0},{"area":0,"assist":{"category":{"description":"普通公路","id":3,"name":"Ordinary_highway"},"tags":{"highway":"residential"}},"category_id":3,"category_name":"Ordinary_highway","id":43200,"image_id":5620,"iscrowd":0}],"categories":{"Ordinary_highway":0,"Railway":0,"River":0,"Urban_green":262144},"center":[116.76303865150743,39.753656975500945],"extent":{"xmax":116.76338197426139,"xmin":116.76269532875348,"ymax":39.753920922383514,"ymin":39.753393028618376},"file_name":"high/20_397903_864384.jpg","height":512,"id":5620,"ins_file_name":"high/20_397903_864384.png","level":20,"seg_file_name":"high/20_397903_864384.png","tags":[{"highway":"residential","pixel":0},{"leisure":"park","pixel":262144},{"pixel":0,"railway":"rail"},{"pixel":0,"water":"canal"},{"pixel":0,"waterway":"canal"}],"valid_ratio":1.0,"width":512}