{"annotations":[{"area":202804,"assist":{"category":{"description":"林地","id":11,"name":"Forest"},"tags":{"landuse":"forest"}},"category_id":11,"category_name":"Forest","id":2150,"image_id":151,"iscrowd":0},{"area":0,"assist":{"category":{"description":"河流","id":4,"name":"River"},"tags":{"boat":"no","code":"ACB13106","name":"温榆河","name:en":"Wenyu River","name:zh":"温榆河","name:zh-Hans":"温榆河","name:zh-Hant":"溫榆河","name:zh-Latn-pinyin":"wēnyú hé","nsdi_code":"CB4005","source":"Yahoo","waterway":"river","zhb_code":"07CB010301"}},"category_id":4,"category_name":"River","id":2151,"image_id":151,"iscrowd":0},{"area":0,"assist":{"category":{"description":"河流","id":4,"name":"River"},"tags":{"name":"清河","name:en":"Qing river","name:zh":"清河","name:zh-Latn-pinyin":"Qīng hé","waterway":"canal","wikidata":"Q10392039"}},"category_id":4,"category_name":"River","id":2152,"image_id":151,"iscrowd":0},{"area":1438,"assist":{"category":{"description":"普通公路","id":3,"name":"Ordinary_highway"},"tags":{"highway":"service"}},"category_id":3,"category_name":"Ordinary_highway","id":2153,"image_id":151,"iscrowd":0}],"categories":{"Forest":202804,"Ordinary_highway":1698,"River":0},"center":[116.3973999185464,40.06913905997067],"extent":{"xmax":116.39808656405431,"xmin":116.3967132730385,"ymax":40.06966452796382,"ymin":40.06861359197751},"file_name":"high/19_198352_431659.jpg","height":512,"id":151,"ins_file_name":"high/19_198352_431659.png","level":19,"seg_file_name":"high/19_198352_431659.png","tags":[{"highway":"service","pixel":1438},{"landuse":"forest","pixel":202804},{"pixel":0,"waterway":"canal"},{"pixel":0,"waterway":"river"}],"valid_ratio":0.7801132202148438,"width":512}