{"annotations":[{"area":0,"assist":{"category":{"description":"城市绿地","id":12,"name":"Urban_green"},"tags":{"leisure":"park","name":"东小口森林公园"}},"category_id":12,"category_name":"Urban_green","id":3834,"image_id":285,"iscrowd":0},{"area":262144,"assist":{"category":{"description":"城市绿地","id":12,"name":"Urban_green"},"tags":{"leisure":"park","name":"贺新公园"}},"category_id":12,"category_name":"Urban_green","id":3835,"image_id":285,"iscrowd":0},{"area":0,"assist":{"category":{"description":"河流","id":4,"name":"River"},"tags":{"boat":"no","code":"ACB13106","name":"温榆河","name:en":"Wenyu River","name:zh":"温榆河","name:zh-Hans":"温榆河","name:zh-Hant":"溫榆河","name:zh-Latn-pinyin":"wēnyú hé","nsdi_code":"CB4005","source":"Yahoo","waterway":"river","zhb_code":"07CB010301"}},"category_id":4,"category_name":"River","id":3836,"image_id":285,"iscrowd":0},{"area":0,"assist":{"category":{"description":"河流","id":4,"name":"River"},"tags":{"name":"清河","name:en":"Qing river","name:zh":"清河","name:zh-Latn-pinyin":"Qīng hé","waterway":"canal","wikidata":"Q10392039"}},"category_id":4,"category_name":"River","id":3837,"image_id":285,"iscrowd":0},{"area":0,"assist":{"category":{"description":"体育场地","id":33,"name":"Sport_field"},"tags":{"leisure":"track","sport":"running"}},"category_id":33,"category_name":"Sport_field","id":3838,"image_id":285,"iscrowd":0},{"area":0,"assist":{"category":{"description":"体育场地","id":33,"name":"Sport_field"},"tags":{"leisure":"track","sport":"running"}},"category_id":33,"category_name":"Sport_field","id":3839,"image_id":285,"iscrowd":0},{"area":15016,"assist":{"category":{"description":"普通公路","id":3,"name":"Ordinary_highway"},"tags":{"highway":"tertiary","int_name":"Zhongdong Lu","name":"中东路","name:en":"zhōngdōng road","name:fr":"Route Zhōngdōng","name:zh":"中东路","name:zh-Latn-pinyin":"zhōngdōng lù"}},"category_id":3,"category_name":"Ordinary_highway","id":3840,"image_id":285,"iscrowd":0}],"categories":{"Ordinary_highway":15016,"River":0,"Sport_field":0,"Urban_green":247128},"center":[116.38366700838822,40.055475522048525],"extent":{"xmax":116.38435365389613,"xmin":116.38298036288032,"ymax":40.05600109543252,"ymin":40.05494994866453},"file_name":"high/19_198378_431639.jpg","height":512,"id":285,"ins_file_name":"high/19_198378_431639.png","level":19,"seg_file_name":"high/19_198378_431639.png","tags":[{"highway":"tertiary","pixel":15016},{"leisure":"park","pixel":262144},{"leisure":"track","pixel":0},{"pixel":0,"waterway":"canal"},{"pixel":0,"waterway":"river"}],"valid_ratio":1.0,"width":512}