{"annotations":[{"area":262144,"assist":{"category":{"description":"城市绿地","id":12,"name":"Urban_green"},"tags":{"leisure":"park","name":"东小口城市休闲公园"}},"category_id":12,"category_name":"Urban_green","id":10691,"image_id":1435,"iscrowd":0},{"area":0,"assist":{"category":{"description":"河流","id":4,"name":"River"},"tags":{"boat":"no","code":"ACB13106","name":"温榆河","name:en":"Wenyu River","name:zh":"温榆河","name:zh-Hans":"温榆河","name:zh-Hant":"溫榆河","name:zh-Latn-pinyin":"wēnyú hé","nsdi_code":"CB4005","source":"Yahoo","waterway":"river","zhb_code":"07CB010301"}},"category_id":4,"category_name":"River","id":10692,"image_id":1435,"iscrowd":0},{"area":0,"assist":{"category":{"description":"河流","id":4,"name":"River"},"tags":{"name":"清河","name:en":"Qing river","name:zh":"清河","name:zh-Latn-pinyin":"Qīng hé","waterway":"canal","wikidata":"Q10392039"}},"category_id":4,"category_name":"River","id":10693,"image_id":1435,"iscrowd":0},{"area":29919,"assist":{"category":{"description":"河流","id":4,"name":"River"},"tags":{"name":"东小口沟","waterway":"canal"}},"category_id":4,"category_name":"River","id":10694,"image_id":1435,"iscrowd":0}],"categories":{"River":29919,"Urban_green":232225},"center":[116.37474061678543,40.04995677959941],"extent":{"xmax":116.3750839395394,"xmin":116.37439729403148,"ymax":40.05021958757101,"ymin":40.04969397162782},"file_name":"high/20_396778_863253.jpg","height":512,"id":1435,"ins_file_name":"high/20_396778_863253.png","level":20,"seg_file_name":"high/20_396778_863253.png","tags":[{"leisure":"park","pixel":262144},{"pixel":29919,"waterway":"canal"},{"pixel":0,"waterway":"river"}],"valid_ratio":1.0,"width":512}