{"annotations":[{"area":262144,"assist":{"category":{"description":"湖泊","id":5,"name":"Lake"},"tags":{"ele":"161","gnis:county_id":"111","gnis:created":"01/23/1980","gnis:feature_id":"942641","gnis:state_id":"36","name":"Lower Ashokan Reservoir","natural":"water","type":"multipolygon","water":"reservoir","wikidata":"Q4805816","wikipedia":"en:Ashokan Reservoir"}},"category_id":5,"category_name":"Lake","id":19153,"image_id":4440,"iscrowd":0},{"area":0,"assist":{"category":{"description":"林地","id":11,"name":"Forest"},"tags":{"natural":"wood","type":"multipolygon"}},"category_id":11,"category_name":"Forest","id":19154,"image_id":4440,"iscrowd":0}],"categories":{"Forest":0,"Lake":262144},"center":[-74.1961670025157,41.9554051565281],"extent":{"xmax":-74.19548035700778,"xmin":-74.19685364802359,"ymax":41.955915791036205,"ymin":41.95489452202},"file_name":"high/19_194711_154087.jpg","height":512,"id":4440,"ins_file_name":"high/19_194711_154087.png","level":19,"seg_file_name":"high/19_194711_154087.png","tags":[{"natural":"water","pixel":262144},{"natural":"wood","pixel":0}],"valid_ratio":1.0,"width":512}