{"annotations":[{"area":0,"assist":{"category":{"description":"湖泊","id":5,"name":"Lake"},"tags":{"ele":"161","gnis:county_id":"111","gnis:created":"01/23/1980","gnis:feature_id":"942641","gnis:state_id":"36","name":"Upper Ashokan Reservoir","natural":"water","type":"multipolygon","water":"reservoir","wikidata":"Q4805816","wikipedia":"en:Ashokan Reservoir"}},"category_id":5,"category_name":"Lake","id":50598,"image_id":12756,"iscrowd":0},{"area":0,"assist":{"category":{"description":"林地","id":11,"name":"Forest"},"tags":{"natural":"wood","type":"multipolygon"}},"category_id":11,"category_name":"Forest","id":50599,"image_id":12756,"iscrowd":0},{"area":227238,"assist":{"category":{"description":"林地","id":11,"name":"Forest"},"tags":{"natural":"wood","type":"multipolygon"}},"category_id":11,"category_name":"Forest","id":50600,"image_id":12756,"iscrowd":0},{"area":0,"assist":{"category":{"description":"普通公路","id":3,"name":"Ordinary_highway"},"tags":{"alt_name":"State Highway 28","hgv":"designated","hgv:state_network":"yes","highway":"primary","lanes":"2","maxspeed":"45 mph","name":"State Route 28","rcn_ref":"28","ref":"NY 28","short_name":"Route 28","source:hgv:state_network":"NYSDOT https://www.dot.ny.gov/divisions/operating/oom/transportation-systems/repository/2010%20trk%20access%20bk.pdf","surface":"asphalt","tiger:cfcc":"A21","tiger:name_base":"State Highway 28"}},"category_id":3,"category_name":"Ordinary_highway","id":50601,"image_id":12756,"iscrowd":0}],"categories":{"Forest":227238,"Lake":0,"Ordinary_highway":0},"center":[-74.21676636775294,41.97455107539223],"extent":{"xmax":-74.21642304499898,"xmin":-74.21710969050689,"ymax":41.97480631593274,"ymin":41.974295834851716},"file_name":"high/20_389348_308115.jpg","height":512,"id":12756,"ins_file_name":"high/20_389348_308115.png","level":20,"seg_file_name":"high/20_389348_308115.png","tags":[{"highway":"primary","pixel":0},{"natural":"water","pixel":0},{"natural":"wood","pixel":227238}],"valid_ratio":0.8668441772460938,"width":512}