{"annotations":[{"area":0,"assist":{"category":{"description":"湖泊","id":5,"name":"Lake"},"tags":{"ele":"161","gnis:county_id":"111","gnis:created":"01/23/1980","gnis:feature_id":"942641","gnis:state_id":"36","name":"Upper Ashokan Reservoir","natural":"water","type":"multipolygon","water":"reservoir","wikidata":"Q4805816","wikipedia":"en:Ashokan Reservoir"}},"category_id":5,"category_name":"Lake","id":34434,"image_id":9297,"iscrowd":0},{"area":73274,"assist":{"category":{"description":"林地","id":11,"name":"Forest"},"tags":{"natural":"wood","type":"multipolygon"}},"category_id":11,"category_name":"Forest","id":34435,"image_id":9297,"iscrowd":0},{"area":128734,"assist":{"category":{"description":"湖泊","id":5,"name":"Lake"},"tags":{"natural":"water"}},"category_id":5,"category_name":"Lake","id":34436,"image_id":9297,"iscrowd":0},{"area":0,"assist":{"category":{"description":"普通公路","id":3,"name":"Ordinary_highway"},"tags":{"highway":"residential","maxspeed":"30 mph","name":"Upper Boiceville Road","tiger:cfcc":"A41","tiger:county":"Ulster, NY","tiger:name_base":"Upper Boiceville","tiger:name_type":"Rd"}},"category_id":3,"category_name":"Ordinary_highway","id":34437,"image_id":9297,"iscrowd":0}],"categories":{"Forest":73274,"Lake":128734,"Ordinary_highway":0},"center":[-74.26620484432232,41.989863666597685],"extent":{"xmax":-74.26586152156835,"xmin":-74.26654816707627,"ymax":41.99011884576345,"ymin":41.98960848743192},"file_name":"high/20_389288_307971.jpg","height":512,"id":9297,"ins_file_name":"high/20_389288_307971.png","level":20,"seg_file_name":"high/20_389288_307971.png","tags":[{"highway":"residential","pixel":0},{"natural":"water","pixel":128734},{"natural":"wood","pixel":73274}],"valid_ratio":0.770599365234375,"width":512}