{"annotations":[{"area":262144,"assist":{"category":{"description":"林地","id":11,"name":"Forest"},"tags":{"natural":"wood","type":"multipolygon"}},"category_id":11,"category_name":"Forest","id":112098,"image_id":71537,"iscrowd":0},{"area":0,"assist":{"category":{"description":"河流","id":4,"name":"River"},"tags":{"name":"East Branch Sacandaga River","waterway":"river","wikidata":"Q30066144","wikipedia":"en:Sacandaga River"}},"category_id":4,"category_name":"River","id":112099,"image_id":71537,"iscrowd":0}],"categories":{"Forest":262144,"River":0},"center":[-74.2006301983171,43.520422954053984],"extent":{"xmax":-74.20028687556314,"xmin":-74.20097352107105,"ymax":43.520671907326346,"ymin":43.52017400078162},"file_name":"high/20_383216_308162.jpg","height":512,"id":71537,"ins_file_name":"high/20_383216_308162.png","level":20,"seg_file_name":"high/20_383216_308162.png","tags":[{"natural":"wood","pixel":262144},{"pixel":0,"waterway":"river"}],"valid_ratio":1.0,"width":512}