{"annotations":[{"area":262144,"assist":{"category":{"description":"林地","id":11,"name":"Forest"},"tags":{"natural":"wood","type":"multipolygon"}},"category_id":11,"category_name":"Forest","id":82173,"image_id":51831,"iscrowd":0}],"categories":{"Forest":262144},"center":[-74.28302765926605,43.57118804610275],"extent":{"xmax":-74.2826843365121,"xmin":-74.28337098202002,"ymax":43.571436789808104,"ymin":43.57093930239739},"file_name":"high/20_383012_307922.jpg","height":512,"id":51831,"ins_file_name":"high/20_383012_307922.png","level":20,"seg_file_name":"high/20_383012_307922.png","tags":[{"natural":"wood","pixel":262144}],"valid_ratio":1.0,"width":512}