{"annotations":[{"area":262144,"assist":{"category":{"description":"林地","id":11,"name":"Forest"},"tags":{"natural":"wood","type":"multipolygon"}},"category_id":11,"category_name":"Forest","id":68072,"image_id":42178,"iscrowd":0}],"categories":{"Forest":262144},"center":[-74.26105500301301,43.59655455977351],"extent":{"xmax":-74.26071168025905,"xmin":-74.26139832576696,"ymax":43.59680319868838,"ymin":43.59630592085864},"file_name":"high/20_382910_307986.jpg","height":512,"id":42178,"ins_file_name":"high/20_382910_307986.png","level":20,"seg_file_name":"high/20_382910_307986.png","tags":[{"natural":"wood","pixel":262144}],"valid_ratio":1.0,"width":512}