{"annotations":[{"area":0,"assist":{"category":{"description":"海洋","id":7,"name":"Sea"},"tags":{"addr:state":"NY","ele":"0","gnis:county_name":"Suffolk","gnis:created":"01/23/1980","gnis:edited":"06/11/2008","gnis:feature_id":"977427","gnis:feature_type":"Bay","name":"Long Island Sound","natural":"bay","type":"multipolygon","wikidata":"Q867460","wikipedia":"en:Long Island Sound"}},"category_id":7,"category_name":"Sea","id":326464,"image_id":11468,"iscrowd":0},{"area":262144,"assist":{"category":{"description":"岛屿","id":8,"name":"Island"},"tags":{"name":"South Fork","name:en":"South Fork","natural":"peninsula","type":"multipolygon","wikidata":"Q3492251","wikipedia":"en:South Fork (Long Island)"}},"category_id":8,"category_name":"Island","id":326465,"image_id":11468,"iscrowd":0},{"area":0,"assist":{"category":{"description":"岛屿","id":8,"name":"Island"},"tags":{"name":"North Fork","natural":"peninsula","type":"multipolygon","wikidata":"Q3344119","wikipedia":"en:North Fork (Long Island)"}},"category_id":8,"category_name":"Island","id":326466,"image_id":11468,"iscrowd":0},{"area":0,"assist":{"category":{"description":"林地","id":11,"name":"Forest"},"tags":{"natural":"wood","type":"multipolygon"}},"category_id":11,"category_name":"Forest","id":326467,"image_id":11468,"iscrowd":0},{"area":254289,"assist":{"category":{"description":"林地","id":11,"name":"Forest"},"tags":{"natural":"wood","type":"multipolygon"}},"category_id":11,"category_name":"Forest","id":326468,"image_id":11468,"iscrowd":0},{"area":858,"assist":{"category":{"description":"建筑","id":15,"name":"Buildings"},"tags":{"addr:city":"Water Mill","addr:housenumber":"1382","addr:postcode":"11976","addr:state":"NY","addr:street":"Noyac Path","building":"house","nysgissam:nysaddresspointid":"SUFF421538"}},"category_id":15,"category_name":"Buildings","id":326469,"image_id":11468,"iscrowd":0},{"area":0,"assist":{"category":{"description":"普通公路","id":3,"name":"Ordinary_highway"},"tags":{"highway":"tertiary","lanes":"2","maxspeed":"30 mph","name":"Middle Line Highway","surface":"asphalt","tiger:cfcc":"A41","tiger:county":"Suffolk, NY","tiger:name_base":"Middle Line","tiger:name_type":"Hwy","tiger:reviewed":"no"}},"category_id":3,"category_name":"Ordinary_highway","id":326470,"image_id":11468,"iscrowd":0},{"area":0,"assist":{"category":{"description":"普通公路","id":3,"name":"Ordinary_highway"},"tags":{"access":"private","highway":"service","service":"driveway"}},"category_id":3,"category_name":"Ordinary_highway","id":326471,"image_id":11468,"iscrowd":0},{"area":217,"assist":{"category":{"description":"普通公路","id":3,"name":"Ordinary_highway"},"tags":{"access":"private","highway":"service","service":"driveway"}},"category_id":3,"category_name":"Ordinary_highway","id":326472,"image_id":11468,"iscrowd":0}],"categories":{"Buildings":858,"Forest":254289,"Island":6685,"Ordinary_highway":312,"Sea":0},"center":[-72.35252381378248,40.96486345640122],"extent":{"xmax":-72.35183716827459,"xmin":-72.3532104592904,"ymax":40.96538195050289,"ymin":40.96434496229955},"file_name":"high/19_196636_156772.jpg","height":512,"id":11468,"ins_file_name":"high/19_196636_156772.png","level":19,"seg_file_name":"high/19_196636_156772.png","tags":[{"building":"house","pixel":858},{"highway":"service","pixel":217},{"highway":"tertiary","pixel":0},{"natural":"bay","pixel":0},{"natural":"peninsula","pixel":262144},{"natural":"wood","pixel":254289}],"valid_ratio":1.0,"width":512}