{"annotations":[{"area":0,"assist":{"category":{"description":"海洋","id":7,"name":"Sea"},"tags":{"addr:state":"NY","ele":"0","gnis:county_name":"Suffolk","gnis:created":"01/23/1980","gnis:edited":"06/11/2008","gnis:feature_id":"977427","gnis:feature_type":"Bay","name":"Long Island Sound","natural":"bay","type":"multipolygon","wikidata":"Q867460","wikipedia":"en:Long Island Sound"}},"category_id":7,"category_name":"Sea","id":1041741,"image_id":113476,"iscrowd":0},{"area":262144,"assist":{"category":{"description":"岛屿","id":8,"name":"Island"},"tags":{"name":"South Fork","name:en":"South Fork","natural":"peninsula","type":"multipolygon","wikidata":"Q3492251","wikipedia":"en:South Fork (Long Island)"}},"category_id":8,"category_name":"Island","id":1041742,"image_id":113476,"iscrowd":0},{"area":0,"assist":{"category":{"description":"林地","id":11,"name":"Forest"},"tags":{"natural":"wood","type":"multipolygon"}},"category_id":11,"category_name":"Forest","id":1041743,"image_id":113476,"iscrowd":0},{"area":0,"assist":{"category":{"description":"林地","id":11,"name":"Forest"},"tags":{"natural":"wood"}},"category_id":11,"category_name":"Forest","id":1041744,"image_id":113476,"iscrowd":0},{"area":232663,"assist":{"category":{"description":"林地","id":11,"name":"Forest"},"tags":{"natural":"wood"}},"category_id":11,"category_name":"Forest","id":1041745,"image_id":113476,"iscrowd":0},{"area":0,"assist":{"category":{"description":"铁路","id":1,"name":"Railway"},"tags":{"electrified":"no","gauge":"1435","maxspeed":"60 mph","name":"Montauk Branch","operator":"Long Island Rail Road","operator:wikidata":"Q125943","railway":"rail","reporting_marks":"LI","tiger:cfcc":"B11","tiger:county":"Suffolk, NY","tiger:name_base":"Long Island Railroad","usage":"main"}},"category_id":1,"category_name":"Railway","id":1041746,"image_id":113476,"iscrowd":0},{"area":13780,"assist":{"category":{"description":"普通公路","id":3,"name":"Ordinary_highway"},"tags":{"highway":"residential","name":"Corbett Drive","tiger:cfcc":"A41","tiger:county":"Suffolk, NY","tiger:name_base":"Corbett","tiger:name_type":"Dr","tiger:reviewed":"no","tiger:zip_left":"11942","tiger:zip_right":"11942"}},"category_id":3,"category_name":"Ordinary_highway","id":1041747,"image_id":113476,"iscrowd":0},{"area":828,"assist":{"category":{"description":"普通公路","id":3,"name":"Ordinary_highway"},"tags":{"highway":"service","service":"driveway"}},"category_id":3,"category_name":"Ordinary_highway","id":1041748,"image_id":113476,"iscrowd":0}],"categories":{"Forest":232663,"Island":15685,"Ordinary_highway":13796,"Railway":0,"Sea":0},"center":[-72.56435395297214,40.86757421723783],"extent":{"xmax":-72.56401063021818,"xmin":-72.56469727572609,"ymax":40.86783384610632,"ymin":40.86731458836934},"file_name":"high/20_393648_312928.jpg","height":512,"id":113476,"ins_file_name":"high/20_393648_312928.png","level":20,"seg_file_name":"high/20_393648_312928.png","tags":[{"highway":"residential","pixel":13780},{"highway":"service","pixel":828},{"natural":"bay","pixel":0},{"natural":"peninsula","pixel":262144},{"natural":"wood","pixel":232663},{"pixel":0,"railway":"rail"}],"valid_ratio":1.0,"width":512}