{"annotations":[{"area":0,"assist":{"category":{"description":"海洋","id":7,"name":"Sea"},"tags":{"addr:state":"NY","ele":"0","gnis:county_name":"Suffolk","gnis:created":"01/23/1980","gnis:edited":"06/11/2008","gnis:feature_id":"977427","gnis:feature_type":"Bay","name":"Long Island Sound","natural":"bay","type":"multipolygon","wikidata":"Q867460","wikipedia":"en:Long Island Sound"}},"category_id":7,"category_name":"Sea","id":798793,"image_id":72639,"iscrowd":0},{"area":262144,"assist":{"category":{"description":"岛屿","id":8,"name":"Island"},"tags":{"name":"South Fork","name:en":"South Fork","natural":"peninsula","type":"multipolygon","wikidata":"Q3492251","wikipedia":"en:South Fork (Long Island)"}},"category_id":8,"category_name":"Island","id":798794,"image_id":72639,"iscrowd":0},{"area":262144,"assist":{"category":{"description":"湖泊","id":5,"name":"Lake"},"tags":{"addr:state":"NY","ele":"-2","gnis:county_name":"Suffolk","gnis:created":"01/23/1980","gnis:feature_id":"945144","gnis:feature_type":"Bay","golf":"water_hazard","name":"Bullhead Bay","natural":"water","source":"PGS & Bing","type":"multipolygon","wikidata":"Q34646840"}},"category_id":5,"category_name":"Lake","id":798795,"image_id":72639,"iscrowd":0},{"area":0,"assist":{"category":{"description":"普通公路","id":3,"name":"Ordinary_highway"},"tags":{"highway":"tertiary","name":"Sebonac Inlet Road","tiger:cfcc":"A41","tiger:county":"Suffolk, NY","tiger:name_base":"Sebonac Inlet","tiger:name_type":"Rd","tiger:reviewed":"no","tiger:zip_left":"11968","tiger:zip_right":"11968"}},"category_id":3,"category_name":"Ordinary_highway","id":798796,"image_id":72639,"iscrowd":0}],"categories":{"Island":0,"Lake":262144,"Ordinary_highway":0,"Sea":0},"center":[-72.44213105256449,40.91221532424714],"extent":{"xmax":-72.44178772981053,"xmin":-72.44247437531844,"ymax":40.91247477801173,"ymin":40.91195587048256},"file_name":"high/20_393476_313284.jpg","height":512,"id":72639,"ins_file_name":"high/20_393476_313284.png","level":20,"seg_file_name":"high/20_393476_313284.png","tags":[{"highway":"tertiary","pixel":0},{"natural":"bay","pixel":0},{"natural":"peninsula","pixel":262144},{"natural":"water","pixel":262144}],"valid_ratio":1.0,"width":512}