{"annotations":[{"area":96736,"assist":{"category":{"description":"城市绿地","id":12,"name":"Urban_green"},"tags":{"leisure":"park","name":"曙光防灾教育公园","note":"应急避难场所，实际上大部分区域已经出租。"}},"category_id":12,"category_name":"Urban_green","id":38138,"image_id":4258,"iscrowd":0},{"area":16519,"assist":{"category":{"description":"城市绿地","id":12,"name":"Urban_green"},"tags":{"leisure":"park","name":"四季曙光公园"}},"category_id":12,"category_name":"Urban_green","id":38139,"image_id":4258,"iscrowd":0},{"area":1968,"assist":{"category":{"description":"体育场地","id":33,"name":"Sport_field"},"tags":{"leisure":"pitch","sport":"tennis"}},"category_id":33,"category_name":"Sport_field","id":38140,"image_id":4258,"iscrowd":0},{"area":0,"assist":{"category":{"description":"河流","id":4,"name":"River"},"tags":{"layer":"2","name":"京密引水渠","name:en":"Jing-Mi Waterduct","source":"Yahoo Aerial Imagery","waterway":"canal","wikidata":"Q10883147"}},"category_id":4,"category_name":"River","id":38141,"image_id":4258,"iscrowd":0},{"area":0,"assist":{"category":{"description":"普通公路","id":3,"name":"Ordinary_highway"},"tags":{"highway":"tertiary","name":"紫竹院路","oneway":"yes"}},"category_id":3,"category_name":"Ordinary_highway","id":38142,"image_id":4258,"iscrowd":0},{"area":0,"assist":{"category":{"description":"普通公路","id":3,"name":"Ordinary_highway"},"tags":{"highway":"trunk","name":"紫竹院路","name:en":"Zizhuyuan Road","oneway":"yes","trolley_wire":"yes"}},"category_id":3,"category_name":"Ordinary_highway","id":38143,"image_id":4258,"iscrowd":0},{"area":0,"assist":{"category":{"description":"普通公路","id":3,"name":"Ordinary_highway"},"tags":{"highway":"trunk","name":"紫竹院路","name:en":"Zizhuyuan Road","oneway":"yes"}},"category_id":3,"category_name":"Ordinary_highway","id":38144,"image_id":4258,"iscrowd":0},{"area":4717,"assist":{"category":{"description":"普通公路","id":3,"name":"Ordinary_highway"},"tags":{"highway":"tertiary","name":"紫竹院路","oneway":"yes"}},"category_id":3,"category_name":"Ordinary_highway","id":38145,"image_id":4258,"iscrowd":0},{"area":17140,"assist":{"category":{"description":"普通公路","id":3,"name":"Ordinary_highway"},"tags":{"highway":"tertiary","name":"正福寺路","oneway":"yes"}},"category_id":3,"category_name":"Ordinary_highway","id":38146,"image_id":4258,"iscrowd":0},{"area":11264,"assist":{"category":{"description":"普通公路","id":3,"name":"Ordinary_highway"},"tags":{"highway":"tertiary","name":"正福寺路","name:en":"Zhenfusi Road","oneway":"yes"}},"category_id":3,"category_name":"Ordinary_highway","id":38147,"image_id":4258,"iscrowd":0}],"categories":{"Ordinary_highway":63008,"River":0,"Sport_field":1968,"Urban_green":111287},"center":[116.28204347321785,39.94606859772229],"extent":{"xmax":116.2823867959718,"xmin":116.2817001504639,"ymax":39.9463318058188,"ymin":39.945805389625775},"file_name":"high/20_397173_862983.jpg","height":512,"id":4258,"ins_file_name":"high/20_397173_862983.png","level":20,"seg_file_name":"high/20_397173_862983.png","tags":[{"highway":"tertiary","pixel":33121},{"highway":"trunk","pixel":0},{"leisure":"park","pixel":113255},{"leisure":"pitch","pixel":1968},{"pixel":0,"waterway":"canal"}],"valid_ratio":0.6723899841308594,"width":512}