{"annotations":[{"area":178099,"assist":{"category":{"description":"城市绿地","id":12,"name":"Urban_green"},"tags":{"alt_name":"紫竹院","leisure":"park","name":"紫竹院公园","name:en":"Zizhuyuan Park","name:zh":"紫竹院公园","short_name":"紫竹院","wikidata":"Q7261399","wikipedia":"zh:紫竹院公园"}},"category_id":12,"category_name":"Urban_green","id":42958,"image_id":5034,"iscrowd":0},{"area":0,"assist":{"category":{"description":"河流","id":4,"name":"River"},"tags":{"name":"永定河引水渠","source":"landsat;yahoo","waterway":"canal","wikidata":"Q11131779"}},"category_id":4,"category_name":"River","id":42959,"image_id":5034,"iscrowd":0},{"area":5,"assist":{"category":{"description":"普通公路","id":3,"name":"Ordinary_highway"},"tags":{"bicycle":"no","foot":"no","highway":"trunk","int_name":"Zizhuyuan Lu","name":"紫竹院路","name:en":"Zizhuyuan Road","oneway":"yes"}},"category_id":3,"category_name":"Ordinary_highway","id":42960,"image_id":5034,"iscrowd":0},{"area":0,"assist":{"category":{"description":"普通公路","id":3,"name":"Ordinary_highway"},"tags":{"bicycle":"no","foot":"no","highway":"trunk","int_name":"Zizhuyuan Lu","name":"紫竹院路","name:en":"Zizhuyuan Road","oneway":"yes"}},"category_id":3,"category_name":"Ordinary_highway","id":42961,"image_id":5034,"iscrowd":0},{"area":31461,"assist":{"category":{"description":"河流","id":4,"name":"River"},"tags":{"name":"双紫支渠","waterway":"canal"}},"category_id":4,"category_name":"River","id":42962,"image_id":5034,"iscrowd":0},{"area":19210,"assist":{"category":{"description":"普通公路","id":3,"name":"Ordinary_highway"},"tags":{"cycleway:right":"lane","highway":"tertiary","name":"紫竹院路","name:en":"Zizhuyuan Road","oneway":"yes","trolley_wire":"yes"}},"category_id":3,"category_name":"Ordinary_highway","id":42963,"image_id":5034,"iscrowd":0}],"categories":{"Ordinary_highway":19215,"River":31461,"Urban_green":146638},"center":[116.31156923005787,39.93869837406761],"extent":{"xmax":116.31191255281183,"xmin":116.31122590730392,"ymax":39.93896161051765,"ymin":39.938435137617574},"file_name":"high/20_397201_863069.jpg","height":512,"id":5034,"ins_file_name":"high/20_397201_863069.png","level":20,"seg_file_name":"high/20_397201_863069.png","tags":[{"highway":"tertiary","pixel":19210},{"highway":"trunk","pixel":5},{"leisure":"park","pixel":178099},{"pixel":31461,"waterway":"canal"}],"valid_ratio":0.7526931762695313,"width":512}