{"annotations":[{"area":0,"assist":{"category":{"description":"林地","id":11,"name":"Forest"},"tags":{"natural":"wood","type":"multipolygon"}},"category_id":11,"category_name":"Forest","id":29078,"image_id":2989,"iscrowd":0},{"area":0,"assist":{"category":{"description":"林地","id":11,"name":"Forest"},"tags":{"golf":"rough","landuse":"forest","type":"multipolygon"}},"category_id":11,"category_name":"Forest","id":29079,"image_id":2989,"iscrowd":0},{"area":184738,"assist":{"category":{"description":"林地","id":11,"name":"Forest"},"tags":{"golf":"rough","landuse":"forest"}},"category_id":11,"category_name":"Forest","id":29080,"image_id":2989,"iscrowd":0},{"area":0,"assist":{"category":{"description":"河流","id":4,"name":"River"},"tags":{"layer":"2","name":"京密引水渠","name:en":"Jing-Mi Waterduct","source":"Yahoo Aerial Imagery","waterway":"canal","wikidata":"Q10883147"}},"category_id":4,"category_name":"River","id":29081,"image_id":2989,"iscrowd":0},{"area":0,"assist":{"category":{"description":"河流","id":4,"name":"River"},"tags":{"layer":"-5","name":"南水北调中线工程总干渠","tunnel":"culvert","waterway":"canal"}},"category_id":4,"category_name":"River","id":29082,"image_id":2989,"iscrowd":0},{"area":0,"assist":{"category":{"description":"河流","id":4,"name":"River"},"tags":{"int_name":"Hanhe","name":"旱河","waterway":"canal"}},"category_id":4,"category_name":"River","id":29083,"image_id":2989,"iscrowd":0},{"area":0,"assist":{"category":{"description":"普通公路","id":3,"name":"Ordinary_highway"},"tags":{"highway":"tertiary","int_name":"Hanhe Lu","name":"旱河路","oneway":"yes"}},"category_id":3,"category_name":"Ordinary_highway","id":29084,"image_id":2989,"iscrowd":0},{"area":23562,"assist":{"category":{"description":"普通公路","id":3,"name":"Ordinary_highway"},"tags":{"golf":"cartpath","golf_cart":"designated","highway":"service"}},"category_id":3,"category_name":"Ordinary_highway","id":29085,"image_id":2989,"iscrowd":0},{"area":0,"assist":{"category":{"description":"普通公路","id":3,"name":"Ordinary_highway"},"tags":{"highway":"tertiary"}},"category_id":3,"category_name":"Ordinary_highway","id":29086,"image_id":2989,"iscrowd":0}],"categories":{"Forest":155055,"Ordinary_highway":29683,"River":0},"center":[116.23672486969589,39.95870141975222],"extent":{"xmax":116.23706819244984,"xmin":116.23638154694194,"ymax":39.95896457923965,"ymin":39.958438260264785},"file_name":"high/20_397125_862851.jpg","height":512,"id":2989,"ins_file_name":"high/20_397125_862851.png","level":20,"seg_file_name":"high/20_397125_862851.png","tags":[{"highway":"service","pixel":23562},{"highway":"tertiary","pixel":0},{"landuse":"forest","pixel":184738},{"natural":"wood","pixel":0},{"pixel":0,"waterway":"canal"}],"valid_ratio":0.7047195434570313,"width":512}