{"annotations":[{"area":0,"assist":{"category":{"description":"河流","id":4,"name":"River"},"tags":{"natural":"water","type":"multipolygon","water":"canal"}},"category_id":4,"category_name":"River","id":14860,"image_id":2655,"iscrowd":0},{"area":0,"assist":{"category":{"description":"林地","id":11,"name":"Forest"},"tags":{"natural":"wood"}},"category_id":11,"category_name":"Forest","id":14861,"image_id":2655,"iscrowd":0},{"area":224531,"assist":{"category":{"description":"林地","id":11,"name":"Forest"},"tags":{"natural":"heath"}},"category_id":11,"category_name":"Forest","id":14862,"image_id":2655,"iscrowd":0},{"area":0,"assist":{"category":{"description":"河流","id":4,"name":"River"},"tags":{"boat":"yes","canoe":"yes","deep_draft":"no","motorboat":"yes","name":"Erie Canal","ship":"yes","source:deep_draft":"National Transportation Atlas Database 2011","waterway":"canal"}},"category_id":4,"category_name":"River","id":14863,"image_id":2655,"iscrowd":0},{"area":0,"assist":{"category":{"description":"铁路","id":1,"name":"Railway"},"tags":{"electrified":"no","gauge":"1435","maxspeed":"79 mph","name":"Mohawk Subdivision","old_railway_operator":"NYC","operator":"CSX Transportation","operator:wikidata":"Q856783","owner":"CSX","railway":"rail","railway:track_ref":"2","usage":"main"}},"category_id":1,"category_name":"Railway","id":14864,"image_id":2655,"iscrowd":0},{"area":0,"assist":{"category":{"description":"高速公路","id":2,"name":"Motorway"},"tags":{"hgv":"designated","hgv:national_network":"yes","highway":"motorway","lanes":"2","maxspeed":"65 mph","oneway":"yes","ref":"NY 49","source:hgv:national_network":"NYSDOT https://www.dot.ny.gov/divisions/operating/oom/transportation-systems/repository/2010%20trk%20access%20bk.pdf","tiger:cfcc":"A31","tiger:county":"Oneida, NY","tiger:name_base":"State Highway 49","tiger:reviewed":"no"}},"category_id":2,"category_name":"Motorway","id":14865,"image_id":2655,"iscrowd":0},{"area":0,"assist":{"category":{"description":"高速公路","id":2,"name":"Motorway"},"tags":{"hgv":"designated","hgv:national_network":"yes","highway":"motorway","lanes":"2","maxspeed":"65 mph","oneway":"yes","ref":"NY 49","source:hgv:national_network":"NYSDOT https://www.dot.ny.gov/divisions/operating/oom/transportation-systems/repository/2010%20trk%20access%20bk.pdf","tiger:cfcc":"A31;A41","tiger:county":"Oneida, NY","tiger:name_base":"State Highway 49","tiger:reviewed":"no"}},"category_id":2,"category_name":"Motorway","id":14866,"image_id":2655,"iscrowd":0},{"area":0,"assist":{"category":{"description":"河流","id":4,"name":"River"},"tags":{"name":"Mohawk River","name:moh":"Teionontatátie","waterway":"river"}},"category_id":4,"category_name":"River","id":14867,"image_id":2655,"iscrowd":0},{"area":0,"assist":{"category":{"description":"普通公路","id":3,"name":"Ordinary_highway"},"tags":{"highway":"tertiary","name":"River Road","name_1":"County Road 88","ref":"CR 88","tiger:cfcc":"A41","tiger:county":"Oneida, NY","tiger:name_base":"River","tiger:name_base_1":"County Road 88","tiger:name_type":"Rd","tiger:reviewed":"no"}},"category_id":3,"category_name":"Ordinary_highway","id":14868,"image_id":2655,"iscrowd":0}],"categories":{"Forest":224531,"Motorway":0,"Ordinary_highway":0,"Railway":0,"River":0},"center":[-75.36689759349898,43.18915769936537],"extent":{"xmax":-75.36621094799106,"xmin":-75.36758423900687,"ymax":43.18965833133751,"ymin":43.18865706739322},"file_name":"high/19_192271_152382.jpg","height":512,"id":2655,"ins_file_name":"high/19_192271_152382.png","level":19,"seg_file_name":"high/19_192271_152382.png","tags":[{"highway":"motorway","pixel":0},{"highway":"tertiary","pixel":0},{"natural":"heath","pixel":224531},{"natural":"wood","pixel":0},{"pixel":0,"railway":"rail"},{"pixel":0,"water":"canal"},{"pixel":0,"waterway":"canal"},{"pixel":0,"waterway":"river"}],"valid_ratio":0.8565177917480469,"width":512}