{"annotations":[{"area":262144,"assist":{"category":{"description":"林地","id":11,"name":"Forest"},"tags":{"natural":"wood"}},"category_id":11,"category_name":"Forest","id":33244,"image_id":8037,"iscrowd":0},{"area":0,"assist":{"category":{"description":"普通公路","id":3,"name":"Ordinary_highway"},"tags":{"highway":"tertiary","name":"West Liberty Street","surface":"asphalt","tiger:cfcc":"A41","tiger:county":"Oneida, NY","tiger:name_base":"Liberty","tiger:name_direction_prefix":"W","tiger:name_type":"St","tiger:zip_left":"13440","tiger:zip_right":"13440"}},"category_id":3,"category_name":"Ordinary_highway","id":33245,"image_id":8037,"iscrowd":0}],"categories":{"Forest":262144,"Ordinary_highway":0},"center":[-75.47916413404192,43.22944526953928],"extent":{"xmax":-75.47882081128797,"xmin":-75.47950745679589,"ymax":43.22969542024188,"ymin":43.229195118836685},"file_name":"high/20_384382_304438.jpg","height":512,"id":8037,"ins_file_name":"high/20_384382_304438.png","level":20,"seg_file_name":"high/20_384382_304438.png","tags":[{"highway":"tertiary","pixel":0},{"natural":"wood","pixel":262144}],"valid_ratio":1.0,"width":512}