{"annotations":[{"area":0,"assist":{"category":{"description":"河流","id":4,"name":"River"},"tags":{"natural":"water","type":"multipolygon","water":"canal"}},"category_id":4,"category_name":"River","id":57103,"image_id":12338,"iscrowd":0},{"area":0,"assist":{"category":{"description":"林地","id":11,"name":"Forest"},"tags":{"natural":"heath"}},"category_id":11,"category_name":"Forest","id":57104,"image_id":12338,"iscrowd":0},{"area":262144,"assist":{"category":{"description":"林地","id":11,"name":"Forest"},"tags":{"natural":"wood"}},"category_id":11,"category_name":"Forest","id":57105,"image_id":12338,"iscrowd":0},{"area":0,"assist":{"category":{"description":"河流","id":4,"name":"River"},"tags":{"boat":"yes","canoe":"yes","deep_draft":"no","motorboat":"yes","name":"Erie Canal","ship":"yes","source:deep_draft":"National Transportation Atlas Database 2011","waterway":"canal"}},"category_id":4,"category_name":"River","id":57106,"image_id":12338,"iscrowd":0},{"area":0,"assist":{"category":{"description":"铁路","id":1,"name":"Railway"},"tags":{"electrified":"no","gauge":"1435","maxspeed":"79 mph","name":"Mohawk Subdivision","old_railway_operator":"NYC","operator":"CSX Transportation","operator:wikidata":"Q856783","owner":"CSX","railway":"rail","railway:track_ref":"2","usage":"main"}},"category_id":1,"category_name":"Railway","id":57107,"image_id":12338,"iscrowd":0},{"area":0,"assist":{"category":{"description":"铁路","id":1,"name":"Railway"},"tags":{"electrified":"no","gauge":"1435","maxspeed":"79 mph","name":"Mohawk Subdivision","old_railway_operator":"NYC","operator":"CSX Transportation","operator:wikidata":"Q856783","owner":"CSX","railway":"rail","railway:track_ref":"1","usage":"main"}},"category_id":1,"category_name":"Railway","id":57108,"image_id":12338,"iscrowd":0},{"area":0,"assist":{"category":{"description":"河流","id":4,"name":"River"},"tags":{"name":"Mohawk River","name:moh":"Teionontatátie","waterway":"river"}},"category_id":4,"category_name":"River","id":57109,"image_id":12338,"iscrowd":0}],"categories":{"Forest":262144,"Railway":0,"River":0},"center":[-75.34458161449194,43.180896714406245],"extent":{"xmax":-75.344238291738,"xmin":-75.3449249372459,"ymax":43.18114706426849,"ymin":43.180646364544},"file_name":"high/20_384576_304830.jpg","height":512,"id":12338,"ins_file_name":"high/20_384576_304830.png","level":20,"seg_file_name":"high/20_384576_304830.png","tags":[{"natural":"heath","pixel":0},{"natural":"wood","pixel":262144},{"pixel":0,"railway":"rail"},{"pixel":0,"water":"canal"},{"pixel":0,"waterway":"canal"},{"pixel":0,"waterway":"river"}],"valid_ratio":1.0,"width":512}