{"annotations":[{"area":230532,"assist":{"category":{"description":"林地","id":11,"name":"Forest"},"tags":{"landuse":"forest","source":"Mapbox Satellite"}},"category_id":11,"category_name":"Forest","id":65998,"image_id":1902,"iscrowd":0},{"area":296,"assist":{"category":{"description":"建筑","id":15,"name":"Buildings"},"tags":{"building":"yes"}},"category_id":15,"category_name":"Buildings","id":65999,"image_id":1902,"iscrowd":0},{"area":0,"assist":{"category":{"description":"普通公路","id":3,"name":"Ordinary_highway"},"tags":{"highway":"primary","lanes":"2","maxspeed":"30 mph","name":"East Seneca Turnpike","ref":"NY 173","tiger:cfcc":"A31","tiger:county":"Onondaga, NY","tiger:name_base":"Seneca","tiger:name_base_1":"State Highway 173","tiger:name_direction_prefix":"E","tiger:name_type":"Tpke","tiger:reviewed":"no","tiger:zip_left":"13205","tiger:zip_right":"13205"}},"category_id":3,"category_name":"Ordinary_highway","id":66000,"image_id":1902,"iscrowd":0},{"area":2250,"assist":{"category":{"description":"高速公路","id":2,"name":"Motorway"},"tags":{"bicycle":"no","foot":"no","hgv":"designated","highway":"motorway","horse":"no","lanes":"3","maxspeed":"65 mph","nat_ref":"I 81","oneway":"yes","ref":"I 81","surface":"asphalt","tiger:cfcc":"A15","tiger:county":"Onondaga, NY","tiger:name_base":"I-81"}},"category_id":2,"category_name":"Motorway","id":66001,"image_id":1902,"iscrowd":0}],"categories":{"Buildings":296,"Forest":228699,"Motorway":6402,"Ordinary_highway":0},"center":[-76.13594056235601,43.00062985725582],"extent":{"xmax":-76.1352539168481,"xmin":-76.13662720786392,"ymax":43.001132032841724,"ymin":43.00012768166991},"file_name":"high/19_192647_151262.jpg","height":512,"id":1902,"ins_file_name":"high/19_192647_151262.png","level":19,"seg_file_name":"high/19_192647_151262.png","tags":[{"building":"yes","pixel":296},{"highway":"motorway","pixel":2250},{"highway":"primary","pixel":0},{"landuse":"forest","pixel":230532}],"valid_ratio":0.8979682922363281,"width":512}