{"annotations":[{"area":0,"assist":{"category":{"description":"林地","id":11,"name":"Forest"},"tags":{"natural":"wood"}},"category_id":11,"category_name":"Forest","id":97635,"image_id":6637,"iscrowd":0},{"area":178207,"assist":{"category":{"description":"城市绿地","id":12,"name":"Urban_green"},"tags":{"leisure":"park","name":"Barry Park"}},"category_id":12,"category_name":"Urban_green","id":97636,"image_id":6637,"iscrowd":0},{"area":37800,"assist":{"category":{"description":"停车场","id":17,"name":"Parking_lot"},"tags":{"amenity":"parking","parking":"surface","surface":"unpaved"}},"category_id":17,"category_name":"Parking_lot","id":97637,"image_id":6637,"iscrowd":0},{"area":120576,"assist":{"category":{"description":"体育场地","id":33,"name":"Sport_field"},"tags":{"leisure":"pitch","sport":"soccer"}},"category_id":33,"category_name":"Sport_field","id":97638,"image_id":6637,"iscrowd":0},{"area":3540,"assist":{"category":{"description":"普通公路","id":3,"name":"Ordinary_highway"},"tags":{"bicycle":"no","highway":"residential","lanes":"2","lanes:backward":"1","lanes:forward":"1","maxspeed":"25 mph","name":"Meadowbrook Drive","oneway":"no","surface":"asphalt","tiger:cfcc":"A45","tiger:county":"Onondaga, NY","tiger:name_base":"Meadowbrook","tiger:name_type":"Dr","tiger:reviewed":"no"}},"category_id":3,"category_name":"Ordinary_highway","id":97639,"image_id":6637,"iscrowd":0}],"categories":{"Forest":0,"Ordinary_highway":3540,"Parking_lot":37800,"Sport_field":120576,"Urban_green":57631},"center":[-76.11671448813459,43.027741356027235],"extent":{"xmax":-76.11637116538063,"xmin":-76.11705781088854,"ymax":43.02799233299663,"ymin":43.02749037905784},"file_name":"high/20_385187_302581.jpg","height":512,"id":6637,"ins_file_name":"high/20_385187_302581.png","level":20,"seg_file_name":"high/20_385187_302581.png","tags":[{"amenity":"parking","pixel":37800},{"highway":"residential","pixel":3540},{"leisure":"park","pixel":178207},{"leisure":"pitch","pixel":120576},{"natural":"wood","pixel":0}],"valid_ratio":0.8375053405761719,"width":512}