{"annotations":[{"area":262144,"assist":{"category":{"description":"墓地","id":37,"name":"Grave_yard"},"tags":{"addr:city":"Syracuse","addr:country":"US","addr:housenumber":"940","addr:postcode":"13210","addr:state":"NY","addr:street":"Comstock Avenue","amenity":"grave_yard","comment":"actual border may vary please update if so","ele":"167","email":"info@oakwoodofsyracuse.com","fax":"315 475 8256","gnis:county_id":"067","gnis:created":"01/23/1980","gnis:feature_id":"959194","gnis:state_id":"36","landuse":"cemetery","name":"Oakwood Cemetery","phone":"315 475 2194","source":"bing","website":"http://www.oakwoodofsyracuse.com/","wikidata":"Q7074291","wikipedia":"en:Oakwood Cemetery (Syracuse, New York)"}},"category_id":37,"category_name":"Grave_yard","id":96337,"image_id":6344,"iscrowd":0},{"area":0,"assist":{"category":{"description":"高速公路","id":2,"name":"Motorway"},"tags":{"bicycle":"no","foot":"no","hgv":"designated","highway":"motorway","horse":"no","lanes":"3","level":"1","maxspeed":"55 mph","oneway":"yes","ref":"I 81","tiger:cfcc":"A15","tiger:county":"Onondaga, NY","tiger:name_base":"I-81"}},"category_id":2,"category_name":"Motorway","id":96338,"image_id":6344,"iscrowd":0},{"area":0,"assist":{"category":{"description":"高速公路","id":2,"name":"Motorway"},"tags":{"bicycle":"no","foot":"no","hgv":"designated","highway":"motorway","horse":"no","lanes":"3","level":"1","maxspeed":"55 mph","nat_ref":"I 81","oneway":"yes","ref":"I 81","tiger:cfcc":"A15","tiger:county":"Onondaga, NY","tiger:name_base":"I-81"}},"category_id":2,"category_name":"Motorway","id":96339,"image_id":6344,"iscrowd":0},{"area":0,"assist":{"category":{"description":"普通公路","id":3,"name":"Ordinary_highway"},"tags":{"highway":"service","service":"driveway","surface":"unpaved"}},"category_id":3,"category_name":"Ordinary_highway","id":96340,"image_id":6344,"iscrowd":0},{"area":7992,"assist":{"category":{"description":"普通公路","id":3,"name":"Ordinary_highway"},"tags":{"highway":"service","service":"driveway","surface":"unpaved"}},"category_id":3,"category_name":"Ordinary_highway","id":96341,"image_id":6344,"iscrowd":0},{"area":31025,"assist":{"category":{"description":"普通公路","id":3,"name":"Ordinary_highway"},"tags":{"highway":"service","service":"driveway"}},"category_id":3,"category_name":"Ordinary_highway","id":96342,"image_id":6344,"iscrowd":0},{"area":3751,"assist":{"category":{"description":"普通公路","id":3,"name":"Ordinary_highway"},"tags":{"highway":"service","service":"driveway","surface":"unpaved"}},"category_id":3,"category_name":"Ordinary_highway","id":96343,"image_id":6344,"iscrowd":0}],"categories":{"Grave_yard":224011,"Motorway":0,"Ordinary_highway":38133},"center":[-76.14006043540348,43.031756856186476],"extent":{"xmax":-76.13971711264952,"xmin":-76.14040375815743,"ymax":43.03200781673695,"ymin":43.031505895636},"file_name":"high/20_385171_302513.jpg","height":512,"id":6344,"ins_file_name":"high/20_385171_302513.png","level":20,"seg_file_name":"high/20_385171_302513.png","tags":[{"amenity":"grave_yard","pixel":262144},{"highway":"motorway","pixel":0},{"highway":"service","pixel":42768}],"valid_ratio":1.0,"width":512}