{"annotations":[{"area":105226,"assist":{"category":{"description":"停车场","id":17,"name":"Parking_lot"},"tags":{"access":"customers","amenity":"parking","parking":"surface","surface":"paved"}},"category_id":17,"category_name":"Parking_lot","id":14894,"image_id":1661,"iscrowd":0},{"area":485,"assist":{"category":{"description":"停车场","id":17,"name":"Parking_lot"},"tags":{"access":"customers","amenity":"parking","parking":"surface","surface":"asphalt"}},"category_id":17,"category_name":"Parking_lot","id":14895,"image_id":1661,"iscrowd":0},{"area":90121,"assist":{"category":{"description":"建筑","id":15,"name":"Buildings"},"tags":{"addr:city":"Kingston","addr:housenumber":"79","addr:postcode":"12401","addr:state":"NY","addr:street":"Hurley Avenue","building":"yes","name":"Daily Freeman","office":"newspaper","phone":"845-331-5000","website":"https://www.dailyfreeman.com/"}},"category_id":15,"category_name":"Buildings","id":14896,"image_id":1661,"iscrowd":0},{"area":31883,"assist":{"category":{"description":"建筑","id":15,"name":"Buildings"},"tags":{"addr:city":"Kingston","addr:housenumber":"101","addr:postcode":"12401","addr:state":"NY","addr:street":"Hurley Avenue","building":"yes","nysgissam:nysaddresspointid":"ULST038161"}},"category_id":15,"category_name":"Buildings","id":14897,"image_id":1661,"iscrowd":0},{"area":0,"assist":{"category":{"description":"铁路","id":1,"name":"Railway"},"tags":{"electrified":"no","gauge":"1435","name":"Catskill Mountain Railroad","old_railway_operator":"NYC","operator":"Catskill Mountain Railroad","railway":"rail","railway:preserved":"yes","tiger:cfcc":"B11","tiger:county":"Ulster, NY","tiger:name_base":"Penn Central Railroad","usage":"tourism"}},"category_id":1,"category_name":"Railway","id":14898,"image_id":1661,"iscrowd":0},{"area":0,"assist":{"category":{"description":"普通公路","id":3,"name":"Ordinary_highway"},"tags":{"cycleway":"lane","highway":"tertiary","name":"Hurley Avenue","tiger:cfcc":"A43","tiger:county":"Ulster, NY","tiger:name_base":"Hurley","tiger:name_type":"Ave","tiger:reviewed":"no","tiger:zip_left":"12401","tiger:zip_right":"12401"}},"category_id":3,"category_name":"Ordinary_highway","id":14899,"image_id":1661,"iscrowd":0},{"area":32777,"assist":{"category":{"description":"普通公路","id":3,"name":"Ordinary_highway"},"tags":{"highway":"service"}},"category_id":3,"category_name":"Ordinary_highway","id":14900,"image_id":1661,"iscrowd":0},{"area":9,"assist":{"category":{"description":"普通公路","id":3,"name":"Ordinary_highway"},"tags":{"highway":"service"}},"category_id":3,"category_name":"Ordinary_highway","id":14901,"image_id":1661,"iscrowd":0},{"area":24276,"assist":{"category":{"description":"普通公路","id":3,"name":"Ordinary_highway"},"tags":{"highway":"service"}},"category_id":3,"category_name":"Ordinary_highway","id":14902,"image_id":1661,"iscrowd":0}],"categories":{"Buildings":122004,"Ordinary_highway":56401,"Parking_lot":63803,"Railway":0},"center":[-74.02896882134007,41.937530444448186],"extent":{"xmax":-74.02862549858611,"xmin":-74.02931214409402,"ymax":41.9377858332966,"ymin":41.93727505559977},"file_name":"high/20_389493_308662.jpg","height":512,"id":1661,"ins_file_name":"high/20_389493_308662.png","level":20,"seg_file_name":"high/20_389493_308662.png","tags":[{"amenity":"parking","pixel":105711},{"building":"yes","pixel":122004},{"highway":"service","pixel":57062},{"highway":"tertiary","pixel":0},{"pixel":0,"railway":"rail"}],"valid_ratio":0.9239501953125,"width":512}