{"annotations":[{"area":0,"assist":{"category":{"description":"河流","id":4,"name":"River"},"tags":{"intermittent":"no","natural":"water","source":"PGS","tidal":"yes","type":"multipolygon","water":"river"}},"category_id":4,"category_name":"River","id":13745,"image_id":1372,"iscrowd":0},{"area":202739,"assist":{"category":{"description":"城市绿地","id":12,"name":"Urban_green"},"tags":{"access":"yes","leisure":"park","name":"Sojourner Truth State Park","operator":"Scenic Hudson","operator:type":"private_non_profit","owner":"New York State Office of Parks, Recreation and Historic Preservation","ownership":"government","source":"https://www.scenichudson.org/press-release/from-industry-to-open-space-making-a-transformational-change-in-kingston/","website":"https://sojournertruthstatepark.info/"}},"category_id":12,"category_name":"Urban_green","id":13746,"image_id":1372,"iscrowd":0},{"area":0,"assist":{"category":{"description":"普通公路","id":3,"name":"Ordinary_highway"},"tags":{"highway":"tertiary","name":"1st Avenue","tiger:cfcc":"A41","tiger:county":"Ulster, NY","tiger:name_base":"1st","tiger:name_type":"Ave","tiger:reviewed":"no","tiger:zip_left":"12401","tiger:zip_right":"12401"}},"category_id":3,"category_name":"Ordinary_highway","id":13747,"image_id":1372,"iscrowd":0},{"area":0,"assist":{"category":{"description":"普通公路","id":3,"name":"Ordinary_highway"},"tags":{"highway":"service"}},"category_id":3,"category_name":"Ordinary_highway","id":13748,"image_id":1372,"iscrowd":0}],"categories":{"Ordinary_highway":0,"River":0,"Urban_green":202739},"center":[-73.97472382621534,41.94110578809679],"extent":{"xmax":-73.97438050346139,"xmin":-73.97506714896929,"ymax":41.94136116262672,"ymin":41.940850413566864},"file_name":"high/20_389479_308820.jpg","height":512,"id":1372,"ins_file_name":"high/20_389479_308820.png","level":20,"seg_file_name":"high/20_389479_308820.png","tags":[{"highway":"service","pixel":0},{"highway":"tertiary","pixel":0},{"leisure":"park","pixel":202739},{"pixel":0,"water":"river"}],"valid_ratio":0.7733879089355469,"width":512}