{"annotations":[{"area":0,"assist":{"category":{"description":"河流","id":4,"name":"River"},"tags":{"natural":"water","water":"river"}},"category_id":4,"category_name":"River","id":24071,"image_id":3130,"iscrowd":0},{"area":123244,"assist":{"category":{"description":"停车场","id":17,"name":"Parking_lot"},"tags":{"amenity":"parking"}},"category_id":17,"category_name":"Parking_lot","id":24072,"image_id":3130,"iscrowd":0},{"area":62439,"assist":{"category":{"description":"建筑","id":15,"name":"Buildings"},"tags":{"building":"yes","healthcare":"rehabilitation","name":"Golden Hill Nursing and Rehabilitation Center"}},"category_id":15,"category_name":"Buildings","id":24073,"image_id":3130,"iscrowd":0},{"area":22037,"assist":{"category":{"description":"建筑","id":15,"name":"Buildings"},"tags":{"building":"yes","healthcare":"rehabilitation","name":"Golden Hill Nursing and Rehabilitation Center"}},"category_id":15,"category_name":"Buildings","id":24074,"image_id":3130,"iscrowd":0},{"area":51948,"assist":{"category":{"description":"普通公路","id":3,"name":"Ordinary_highway"},"tags":{"highway":"residential","tiger:cfcc":"A41","tiger:county":"Ulster, NY","tiger:reviewed":"no","tiger:separated":"no","tiger:source":"tiger_import_dch_v0.6_20070829","tiger:tlid":"41933752","tiger:upload_uuid":"bulk_upload.pl-75496730-bfd6-4220-adbe-99f2f12afc29"}},"category_id":3,"category_name":"Ordinary_highway","id":24075,"image_id":3130,"iscrowd":0},{"area":2127,"assist":{"category":{"description":"建筑","id":15,"name":"Buildings"},"tags":{"building":"yes"}},"category_id":15,"category_name":"Buildings","id":24076,"image_id":3130,"iscrowd":0},{"area":0,"assist":{"category":{"description":"山地","id":48,"name":"Mountain"},"tags":{"description":"Dividing line between the Rondout watershed and the Hudson-Wappinger watershed","name":"Bellvale to Esopus Ridgeline","natural":"ridge"}},"category_id":48,"category_name":"Mountain","id":24077,"image_id":3130,"iscrowd":0},{"area":0,"assist":{"category":{"description":"普通公路","id":3,"name":"Ordinary_highway"},"tags":{"highway":"residential","name":"Linderman Avenue","tiger:cfcc":"A41","tiger:county":"Ulster, NY","tiger:name_base":"Linderman","tiger:name_type":"Ave","tiger:reviewed":"no","tiger:zip_left":"12401","tiger:zip_right":"12401"}},"category_id":3,"category_name":"Ordinary_highway","id":24078,"image_id":3130,"iscrowd":0},{"area":0,"assist":{"category":{"description":"普通公路","id":3,"name":"Ordinary_highway"},"tags":{"highway":"service","tiger:cfcc":"A41","tiger:county":"Ulster, NY"}},"category_id":3,"category_name":"Ordinary_highway","id":24079,"image_id":3130,"iscrowd":0},{"area":0,"assist":{"category":{"description":"普通公路","id":3,"name":"Ordinary_highway"},"tags":{"highway":"residential","name":"Glen Street","tiger:cfcc":"A41","tiger:county":"Ulster, NY","tiger:name_base":"Glen","tiger:name_type":"St","tiger:reviewed":"no"}},"category_id":3,"category_name":"Ordinary_highway","id":24080,"image_id":3130,"iscrowd":0}],"categories":{"Buildings":86603,"Mountain":0,"Ordinary_highway":51948,"Parking_lot":71296,"River":0},"center":[-74.02278901176891,41.91607417304235],"extent":{"xmax":-74.02244568901494,"xmin":-74.02313233452286,"ymax":41.91632964779768,"ymin":41.91581869828701},"file_name":"high/20_389577_308680.jpg","height":512,"id":3130,"ins_file_name":"high/20_389577_308680.png","level":20,"seg_file_name":"high/20_389577_308680.png","tags":[{"amenity":"parking","pixel":123244},{"building":"yes","pixel":86603},{"highway":"residential","pixel":51948},{"highway":"service","pixel":0},{"natural":"ridge","pixel":0},{"pixel":0,"water":"river"}],"valid_ratio":0.8005027770996094,"width":512}