{"annotations":[{"area":9224,"assist":{"category":{"description":"机场","id":18,"name":"Airport"},"tags":{"aeroway":"hangar","building":"hangar"}},"category_id":18,"category_name":"Airport","id":212012301,"image_id":721346,"iscrowd":0},{"area":9253,"assist":{"category":{"description":"机场","id":18,"name":"Airport"},"tags":{"aeroway":"hangar","building":"hangar"}},"category_id":18,"category_name":"Airport","id":212012302,"image_id":721346,"iscrowd":0},{"area":7254,"assist":{"category":{"description":"普通公路","id":3,"name":"Ordinary_highway"},"tags":{"highway":"residential","tiger:cfcc":"A41","tiger:county":"Fulton, KY","tiger:reviewed":"no"}},"category_id":3,"category_name":"Ordinary_highway","id":212012303,"image_id":721346,"iscrowd":0}],"categories":{"Airport":18477,"Ordinary_highway":8941},"center":[-88.91566495000001,36.52469469838969],"extent":{"xmax":-88.9149783044921,"xmin":-88.9163515955079,"ymax":36.52524648700482,"ymin":36.524142909774554},"file_name":"high/L19_Airport_1_1231388174.jpg","height":512,"id":721346,"ins_file_name":"high/L19_Airport_1_1231388174.png","level":0,"seg_file_name":"high/L19_Airport_1_1231388174.png","tags":[{"aeroway":"hangar","pixel":18477},{"highway":"residential","pixel":7254}],"valid_ratio":0.10459136962890625,"width":512}