{"annotations":[{"area":262144,"assist":{"category":{"description":"机场","id":18,"name":"Airport"},"tags":{"addr:state":"FL","aeroway":"aerodrome","alt_name":"FD77","ele":"32","faa":"FD77","gnis:county_name":"Hillsborough","gnis:created":"08/01/1994","gnis:feature_id":"309977","gnis:feature_type":"Airport","name":"Wimauma Air Park","surface":"grass","wikidata":"Q35321312"}},"category_id":18,"category_name":"Airport","id":184868487,"image_id":578842,"iscrowd":0},{"area":16392,"assist":{"category":{"description":"建筑","id":15,"name":"Buildings"},"tags":{"aeroway":"hangar","building":"yes"}},"category_id":15,"category_name":"Buildings","id":184868488,"image_id":578842,"iscrowd":0},{"area":7533,"assist":{"category":{"description":"建筑","id":15,"name":"Buildings"},"tags":{"aeroway":"hangar","building":"yes"}},"category_id":15,"category_name":"Buildings","id":184868489,"image_id":578842,"iscrowd":0},{"area":4212,"assist":{"category":{"description":"建筑","id":15,"name":"Buildings"},"tags":{"aeroway":"hangar","building":"yes"}},"category_id":15,"category_name":"Buildings","id":184868490,"image_id":578842,"iscrowd":0},{"area":3555,"assist":{"category":{"description":"建筑","id":15,"name":"Buildings"},"tags":{"building":"yes"}},"category_id":15,"category_name":"Buildings","id":184868491,"image_id":578842,"iscrowd":0},{"area":2785,"assist":{"category":{"description":"建筑","id":15,"name":"Buildings"},"tags":{"aeroway":"hangar","building":"yes"}},"category_id":15,"category_name":"Buildings","id":184868492,"image_id":578842,"iscrowd":0},{"area":2221,"assist":{"category":{"description":"建筑","id":15,"name":"Buildings"},"tags":{"aeroway":"hangar","building":"yes"}},"category_id":15,"category_name":"Buildings","id":184868493,"image_id":578842,"iscrowd":0},{"area":2085,"assist":{"category":{"description":"建筑","id":15,"name":"Buildings"},"tags":{"aeroway":"hangar","building":"yes"}},"category_id":15,"category_name":"Buildings","id":184868494,"image_id":578842,"iscrowd":0},{"area":1856,"assist":{"category":{"description":"建筑","id":15,"name":"Buildings"},"tags":{"building":"yes"}},"category_id":15,"category_name":"Buildings","id":184868495,"image_id":578842,"iscrowd":0},{"area":428,"assist":{"category":{"description":"建筑","id":15,"name":"Buildings"},"tags":{"aeroway":"hangar","building":"yes"}},"category_id":15,"category_name":"Buildings","id":184868496,"image_id":578842,"iscrowd":0},{"area":1214,"assist":{"category":{"description":"建筑","id":15,"name":"Buildings"},"tags":{"building":"yes"}},"category_id":15,"category_name":"Buildings","id":184868497,"image_id":578842,"iscrowd":0},{"area":12911,"assist":{"category":{"description":"普通公路","id":3,"name":"Ordinary_highway"},"tags":{"highway":"service","service":"driveway"}},"category_id":3,"category_name":"Ordinary_highway","id":184868498,"image_id":578842,"iscrowd":0},{"area":406,"assist":{"category":{"description":"电缆塔","id":30,"name":"Electricity_tower"},"tags":{"power":"tower"}},"category_id":30,"category_name":"Electricity_tower","id":184868499,"image_id":578842,"iscrowd":0},{"area":405,"assist":{"category":{"description":"电缆塔","id":30,"name":"Electricity_tower"},"tags":{"power":"tower"}},"category_id":30,"category_name":"Electricity_tower","id":184868500,"image_id":578842,"iscrowd":0}],"categories":{"Airport":206640,"Buildings":41557,"Electricity_tower":811,"Ordinary_highway":13136},"center":[-82.28504135,27.71127904831858],"extent":{"xmax":-82.2843547044921,"xmin":-82.28572799550791,"ymax":27.711886937029632,"ymin":27.71067115960753},"file_name":"high/L19_Airport_1_263696604.jpg","height":512,"id":578842,"ins_file_name":"high/L19_Airport_1_263696604.png","level":0,"seg_file_name":"high/L19_Airport_1_263696604.png","tags":[{"aeroway":"aerodrome","pixel":262144},{"building":"yes","pixel":42281},{"highway":"service","pixel":12911},{"pixel":811,"power":"tower"}],"valid_ratio":1.0,"width":512}