{"annotations":[{"area":246486,"assist":{"category":{"description":"机场","id":18,"name":"Airport"},"tags":{"aeroway":"aerodrome","faa":"2TN2","name":"Wings Field","source":"ourairports.com","wikidata":"Q61724897"}},"category_id":18,"category_name":"Airport","id":211880369,"image_id":719447,"iscrowd":0},{"area":25597,"assist":{"category":{"description":"机场","id":18,"name":"Airport"},"tags":{"aeroway":"hangar","building":"hangar"}},"category_id":18,"category_name":"Airport","id":211880370,"image_id":719447,"iscrowd":0},{"area":13338,"assist":{"category":{"description":"机场","id":18,"name":"Airport"},"tags":{"aeroway":"apron"}},"category_id":18,"category_name":"Airport","id":211880371,"image_id":719447,"iscrowd":0},{"area":12875,"assist":{"category":{"description":"机场","id":18,"name":"Airport"},"tags":{"aeroway":"apron"}},"category_id":18,"category_name":"Airport","id":211880372,"image_id":719447,"iscrowd":0},{"area":182,"assist":{"category":{"description":"建筑","id":15,"name":"Buildings"},"tags":{"building":"yes"}},"category_id":15,"category_name":"Buildings","id":211880373,"image_id":719447,"iscrowd":0},{"area":794,"assist":{"category":{"description":"普通公路","id":3,"name":"Ordinary_highway"},"tags":{"access":"private","highway":"service"}},"category_id":3,"category_name":"Ordinary_highway","id":211880374,"image_id":719447,"iscrowd":0}],"categories":{"Airport":245004,"Buildings":182,"Ordinary_highway":1300},"center":[-89.1894674,35.21872249822985],"extent":{"xmax":-89.18878075449209,"xmin":-89.19015404550791,"ymax":35.219283457736836,"ymin":35.21816153872287},"file_name":"high/L19_Airport_1_481197996.jpg","height":512,"id":719447,"ins_file_name":"high/L19_Airport_1_481197996.png","level":0,"seg_file_name":"high/L19_Airport_1_481197996.png","tags":[{"aeroway":"aerodrome","pixel":246486},{"aeroway":"apron","pixel":26213},{"aeroway":"hangar","pixel":25597},{"building":"yes","pixel":182},{"highway":"service","pixel":794}],"valid_ratio":0.9402694702148438,"width":512}