{"annotations":[{"area":0,"assist":{"category":{"description":"林地","id":11,"name":"Forest"},"tags":{"landuse":"forest"}},"category_id":11,"category_name":"Forest","id":22523,"image_id":923,"iscrowd":0},{"area":222051,"assist":{"category":{"description":"城市绿地","id":12,"name":"Urban_green"},"tags":{"leisure":"park"}},"category_id":12,"category_name":"Urban_green","id":22524,"image_id":923,"iscrowd":0},{"area":8241,"assist":{"category":{"description":"体育场地","id":33,"name":"Sport_field"},"tags":{"hoops":"2","leisure":"pitch","sport":"basketball"}},"category_id":33,"category_name":"Sport_field","id":22525,"image_id":923,"iscrowd":0},{"area":8238,"assist":{"category":{"description":"体育场地","id":33,"name":"Sport_field"},"tags":{"hoops":"2","leisure":"pitch","sport":"basketball"}},"category_id":33,"category_name":"Sport_field","id":22526,"image_id":923,"iscrowd":0},{"area":10283,"assist":{"category":{"description":"铁路","id":1,"name":"Railway"},"tags":{"bridge":"yes","bridge:length":"48153","bridge:name:en":"Beijing Grand Bridge","electrified":"contact_line","frequency":"50","full_name":"京沪高速铁路","gauge":"1435","highspeed":"yes","layer":"1","length":"48153","maxspeed":"250","maxspeed:designed":"380","name":"京沪高铁","name:en":"Beijing–Shanghai High-Speed Railway","name:zh":"京沪高铁","passenger_lines":"2","railway":"rail","railway:traffic_mode":"passenger","ref":"3002","usage":"main","voltage":"25000"}},"category_id":1,"category_name":"Railway","id":22527,"image_id":923,"iscrowd":0},{"area":12950,"assist":{"category":{"description":"铁路","id":1,"name":"Railway"},"tags":{"bridge":"yes","bridge:length":"48153","bridge:name:en":"Beijing Grand Bridge","electrified":"contact_line","frequency":"50","full_name":"京沪高速铁路","gauge":"1435","highspeed":"yes","layer":"1","length":"48153","maxspeed":"250","maxspeed:designed":"380","name":"京沪高铁","name:en":"Beijing–Shanghai High-Speed Railway","name:zh":"京沪高铁","passenger_lines":"2","railway":"rail","railway:traffic_mode":"passenger","ref":"3002","usage":"main","voltage":"25000"}},"category_id":1,"category_name":"Railway","id":22528,"image_id":923,"iscrowd":0},{"area":2834,"assist":{"category":{"description":"铁路","id":1,"name":"Railway"},"tags":{"bridge":"yes","electrified":"contact_line","frequency":"50","gauge":"1435","layer":"1","name":"京西至动车段走行线","railway":"rail","ref":"2318","usage":"branch","voltage":"25000"}},"category_id":1,"category_name":"Railway","id":22529,"image_id":923,"iscrowd":0},{"area":0,"assist":{"category":{"description":"普通公路","id":3,"name":"Ordinary_highway"},"tags":{"highway":"residential","name":"银地西路","source":"bing"}},"category_id":3,"category_name":"Ordinary_highway","id":22530,"image_id":923,"iscrowd":0}],"categories":{"Forest":0,"Ordinary_highway":0,"Railway":22788,"Sport_field":16479,"Urban_green":205572},"center":[116.32392884920023,39.81644768290336],"extent":{"xmax":116.32461549470814,"xmin":116.32324220369232,"ymax":39.816975095138105,"ymin":39.81592027066861},"file_name":"high/19_198832_431552.jpg","height":512,"id":923,"ins_file_name":"high/19_198832_431552.png","level":19,"seg_file_name":"high/19_198832_431552.png","tags":[{"highway":"residential","pixel":0},{"landuse":"forest","pixel":0},{"leisure":"park","pixel":222051},{"leisure":"pitch","pixel":16479},{"pixel":26067,"railway":"rail"}],"valid_ratio":0.9339866638183594,"width":512}