{"annotations":[{"area":0,"assist":{"category":{"description":"林地","id":11,"name":"Forest"},"tags":{"landuse":"forest"}},"category_id":11,"category_name":"Forest","id":28842,"image_id":1533,"iscrowd":0},{"area":195514,"assist":{"category":{"description":"林地","id":11,"name":"Forest"},"tags":{"landuse":"forest"}},"category_id":11,"category_name":"Forest","id":28843,"image_id":1533,"iscrowd":0},{"area":0,"assist":{"category":{"description":"铁路","id":1,"name":"Railway"},"tags":{"bridge":"yes","bridge:length":"48153","bridge:name:en":"Beijing Grand Bridge","electrified":"contact_line","frequency":"50","full_name":"京沪高速铁路","gauge":"1435","highspeed":"yes","layer":"1","length":"48153","maxspeed":"250","maxspeed:designed":"380","name":"京沪高铁","name:en":"Beijing–Shanghai High-Speed Railway","name:zh":"京沪高铁","passenger_lines":"2","railway":"rail","railway:traffic_mode":"passenger","ref":"3002","usage":"main","voltage":"25000"}},"category_id":1,"category_name":"Railway","id":28844,"image_id":1533,"iscrowd":0},{"area":0,"assist":{"category":{"description":"铁路","id":1,"name":"Railway"},"tags":{"bridge":"yes","bridge:length":"48153","bridge:name:en":"Beijing Grand Bridge","electrified":"contact_line","frequency":"50","full_name":"京沪高速铁路","gauge":"1435","highspeed":"yes","layer":"1","length":"48153","maxspeed":"250","maxspeed:designed":"380","name":"京沪高铁","name:en":"Beijing–Shanghai High-Speed Railway","name:zh":"京沪高铁","passenger_lines":"2","railway":"rail","railway:traffic_mode":"passenger","ref":"3002","usage":"main","voltage":"25000"}},"category_id":1,"category_name":"Railway","id":28845,"image_id":1533,"iscrowd":0},{"area":0,"assist":{"category":{"description":"普通公路","id":3,"name":"Ordinary_highway"},"tags":{"cycleway:right":"shared_lane","highway":"secondary","name":"兴旺大街","name:en":"Xingwang Street","name:zh":"兴旺大街","oneway":"yes"}},"category_id":3,"category_name":"Ordinary_highway","id":28846,"image_id":1533,"iscrowd":0},{"area":0,"assist":{"category":{"description":"铁路","id":1,"name":"Railway"},"tags":{"electrified":"contact_line","embankment":"yes","frequency":"50","gauge":"1435","maxspeed":"120","name":"大李线","railway":"rail","railway:track_ref":"III","ref":"1340","usage":"branch","voltage":"25000"}},"category_id":1,"category_name":"Railway","id":28847,"image_id":1533,"iscrowd":0},{"area":0,"assist":{"category":{"description":"铁路","id":1,"name":"Railway"},"tags":{"electrified":"contact_line","embankment":"yes","frequency":"50","gauge":"1435","highspeed":"yes","maxspeed":"120","name":"京雄城际线","railway":"rail","railway:track_ref":"I","ref":"3085","usage":"main","voltage":"25000"}},"category_id":1,"category_name":"Railway","id":28848,"image_id":1533,"iscrowd":0},{"area":9756,"assist":{"category":{"description":"高速公路","id":2,"name":"Motorway"},"tags":{"highway":"motorway","lanes":"3","name":"南五环","name:en":"South 5th Ring Road","name:zh":"南五环","oneway":"yes","ref":"S50"}},"category_id":2,"category_name":"Motorway","id":28849,"image_id":1533,"iscrowd":0},{"area":45162,"assist":{"category":{"description":"高速公路","id":2,"name":"Motorway"},"tags":{"highway":"motorway","lanes":"3","name":"南五环","name:en":"South 5th Ring Road","name:zh":"南五环","oneway":"yes","ref":"S50"}},"category_id":2,"category_name":"Motorway","id":28850,"image_id":1533,"iscrowd":0},{"area":0,"assist":{"category":{"description":"铁路","id":1,"name":"Railway"},"tags":{"electrified":"contact_line","embankment":"yes","frequency":"50","gauge":"1435","highspeed":"yes","maxspeed":"120","name":"京雄城际线","name:zh":"京雄城际线","railway":"rail","railway:track_ref":"II","ref":"3085","usage":"main","voltage":"25000"}},"category_id":1,"category_name":"Railway","id":28851,"image_id":1533,"iscrowd":0}],"categories":{"Forest":195514,"Motorway":47390,"Ordinary_highway":0,"Railway":0},"center":[116.30744935701046,39.77951891139523],"extent":{"xmax":116.30813600251835,"xmin":116.30676271150254,"ymax":39.780046606906694,"ymin":39.778991215883764},"file_name":"high/19_198902_431528.jpg","height":512,"id":1533,"ins_file_name":"high/19_198902_431528.png","level":19,"seg_file_name":"high/19_198902_431528.png","tags":[{"highway":"motorway","pixel":54918},{"highway":"secondary","pixel":0},{"landuse":"forest","pixel":195514},{"pixel":0,"railway":"rail"}],"valid_ratio":0.926605224609375,"width":512}