{"annotations":[{"area":262144,"assist":{"category":{"description":"城市绿地","id":12,"name":"Urban_green"},"tags":{"leisure":"garden","name":"花乡世界名园"}},"category_id":12,"category_name":"Urban_green","id":66934,"image_id":5270,"iscrowd":0},{"area":0,"assist":{"category":{"description":"铁路","id":1,"name":"Railway"},"tags":{"electrified":"contact_line","frequency":"50","gauge":"1435","name":"军供联络线","railway":"rail","ref":"1320","usage":"branch","voltage":"25000"}},"category_id":1,"category_name":"Railway","id":66935,"image_id":5270,"iscrowd":0},{"area":0,"assist":{"category":{"description":"普通公路","id":3,"name":"Ordinary_highway"},"tags":{"access":"private","highway":"service","oneway":"no","surface":"asphalt"}},"category_id":3,"category_name":"Ordinary_highway","id":66936,"image_id":5270,"iscrowd":0},{"area":0,"assist":{"category":{"description":"铁路","id":1,"name":"Railway"},"tags":{"electrified":"contact_line","frequency":"50","gauge":"1435","railway":"rail","railway:track_ref":"试车1线","usage":"test","voltage":"25000"}},"category_id":1,"category_name":"Railway","id":66937,"image_id":5270,"iscrowd":0},{"area":58126,"assist":{"category":{"description":"普通公路","id":3,"name":"Ordinary_highway"},"tags":{"highway":"service"}},"category_id":3,"category_name":"Ordinary_highway","id":66938,"image_id":5270,"iscrowd":0},{"area":7916,"assist":{"category":{"description":"普通公路","id":3,"name":"Ordinary_highway"},"tags":{"highway":"service"}},"category_id":3,"category_name":"Ordinary_highway","id":66939,"image_id":5270,"iscrowd":0}],"categories":{"Ordinary_highway":65283,"Railway":0,"Urban_green":196861},"center":[116.29165651032855,39.80141479207829],"extent":{"xmax":116.29199983308251,"xmin":116.2913131875746,"ymax":39.801678555866744,"ymin":39.80115102828984},"file_name":"high/20_397722_863011.jpg","height":512,"id":5270,"ins_file_name":"high/20_397722_863011.png","level":20,"seg_file_name":"high/20_397722_863011.png","tags":[{"highway":"service","pixel":66042},{"leisure":"garden","pixel":262144},{"pixel":0,"railway":"rail"}],"valid_ratio":1.0,"width":512}