{"annotations":[{"area":72838,"assist":{"category":{"description":"城市绿地","id":12,"name":"Urban_green"},"tags":{"leisure":"park","name":"滨湖万米健身公园","name:en":"Binhu Park"}},"category_id":12,"category_name":"Urban_green","id":10222,"image_id":1444,"iscrowd":0},{"area":22227,"assist":{"category":{"description":"建筑","id":15,"name":"Buildings"},"tags":{"building":"apartments","name":"迎宾北路12号院2号楼"}},"category_id":15,"category_name":"Buildings","id":10223,"image_id":1444,"iscrowd":0},{"area":11427,"assist":{"category":{"description":"建筑","id":15,"name":"Buildings"},"tags":{"building":"apartments","name":"于家园三区25号楼"}},"category_id":15,"category_name":"Buildings","id":10224,"image_id":1444,"iscrowd":0},{"area":16707,"assist":{"category":{"description":"建筑","id":15,"name":"Buildings"},"tags":{"building":"apartments","name":"迎宾北路12号院1号楼"}},"category_id":15,"category_name":"Buildings","id":10225,"image_id":1444,"iscrowd":0},{"area":9453,"assist":{"category":{"description":"建筑","id":15,"name":"Buildings"},"tags":{"building":"apartments","name":"迎宾北路12号院4号楼"}},"category_id":15,"category_name":"Buildings","id":10226,"image_id":1444,"iscrowd":0},{"area":0,"assist":{"category":{"description":"河流","id":4,"name":"River"},"tags":{"boat":"no","code":"ACB11006","name":"京密引水渠","name:zh":"京密引水渠","waterway":"canal"}},"category_id":4,"category_name":"River","id":10227,"image_id":1444,"iscrowd":0},{"area":1002,"assist":{"category":{"description":"普通公路","id":3,"name":"Ordinary_highway"},"tags":{"highway":"secondary","lanes":"2","maxspeed":"60","name":"迎宾路","name:en":"Yingbin Road","old_name":"迎宾北路","oneway":"yes","ref":"X917","surface":"asphalt"}},"category_id":3,"category_name":"Ordinary_highway","id":10228,"image_id":1444,"iscrowd":0},{"area":9943,"assist":{"category":{"description":"普通公路","id":3,"name":"Ordinary_highway"},"tags":{"highway":"secondary","lanes":"2","maxspeed":"60","name":"迎宾路","name:en":"Yingbin Road","old_name":"迎宾北路","oneway":"yes","ref":"X917","surface":"asphalt"}},"category_id":3,"category_name":"Ordinary_highway","id":10229,"image_id":1444,"iscrowd":0},{"area":10948,"assist":{"category":{"description":"体育场地","id":33,"name":"Sport_field"},"tags":{"leisure":"track","sport":"running"}},"category_id":33,"category_name":"Sport_field","id":10230,"image_id":1444,"iscrowd":0}],"categories":{"Buildings":59814,"Ordinary_highway":10945,"River":0,"Sport_field":10948,"Urban_green":58432},"center":[116.63291932775886,40.32508451612068],"extent":{"xmax":116.63360597326677,"xmin":116.63223268225094,"ymax":40.325608004416125,"ymin":40.32456102782524},"file_name":"high/19_197864_432002.jpg","height":512,"id":1444,"ins_file_name":"high/19_197864_432002.png","level":19,"seg_file_name":"high/19_197864_432002.png","tags":[{"building":"apartments","pixel":59814},{"highway":"secondary","pixel":10945},{"leisure":"park","pixel":72838},{"leisure":"track","pixel":10948},{"pixel":0,"waterway":"canal"}],"valid_ratio":0.5345878601074219,"width":512}