{"annotations":[{"area":262144,"assist":{"category":{"description":"湖泊","id":5,"name":"Lake"},"tags":{"name":"怀柔水库","name:en":"Huairou Reservoir","natural":"water","type":"multipolygon","water":"reservoir","wikidata":"Q5925148"}},"category_id":5,"category_name":"Lake","id":12464,"image_id":1812,"iscrowd":0},{"area":0,"assist":{"category":{"description":"河流","id":4,"name":"River"},"tags":{"boat":"no","code":"ACB11006","name":"京密引水渠","name:zh":"京密引水渠","waterway":"canal"}},"category_id":4,"category_name":"River","id":12465,"image_id":1812,"iscrowd":0}],"categories":{"Lake":262144,"River":0},"center":[116.60957338048999,40.309378040404354],"extent":{"xmax":116.6102600259979,"xmin":116.6088867349821,"ymax":40.30990165048817,"ymin":40.30885443032054},"file_name":"high/19_197894_431968.jpg","height":512,"id":1812,"ins_file_name":"high/19_197894_431968.png","level":19,"seg_file_name":"high/19_197894_431968.png","tags":[{"natural":"water","pixel":262144},{"pixel":0,"waterway":"canal"}],"valid_ratio":1.0,"width":512}