{"annotations":[{"area":262144,"assist":{"category":{"description":"湖泊","id":5,"name":"Lake"},"tags":{"name":"怀柔水库","name:en":"Huairou Reservoir","natural":"water","type":"multipolygon","water":"reservoir","wikidata":"Q5925148"}},"category_id":5,"category_name":"Lake","id":9652,"image_id":1317,"iscrowd":0},{"area":0,"assist":{"category":{"description":"林地","id":11,"name":"Forest"},"tags":{"natural":"wood"}},"category_id":11,"category_name":"Forest","id":9653,"image_id":1317,"iscrowd":0},{"area":0,"assist":{"category":{"description":"湖泊","id":5,"name":"Lake"},"tags":{"intermittent":"yes","natural":"water","salt":"no","tidal":"yes","water":"lake"}},"category_id":5,"category_name":"Lake","id":9654,"image_id":1317,"iscrowd":0},{"area":0,"assist":{"category":{"description":"河流","id":4,"name":"River"},"tags":{"boat":"no","code":"ACB11006","name":"京密引水渠","name:zh":"京密引水渠","waterway":"canal"}},"category_id":4,"category_name":"River","id":9655,"image_id":1317,"iscrowd":0},{"area":0,"assist":{"category":{"description":"河流","id":4,"name":"River"},"tags":{"boat":"no","name":"怀沙河","name:en":"Huaisha River","name:zh":"怀沙河","source":"Yahoo hires","waterway":"river"}},"category_id":4,"category_name":"River","id":9656,"image_id":1317,"iscrowd":0}],"categories":{"Forest":0,"Lake":262144,"River":0},"center":[116.60682679845837,40.329272292569726],"extent":{"xmax":116.60751344396628,"xmin":116.60614015295046,"ymax":40.3297957483864,"ymin":40.32874883675305},"file_name":"high/19_197856_431964.jpg","height":512,"id":1317,"ins_file_name":"high/19_197856_431964.png","level":19,"seg_file_name":"high/19_197856_431964.png","tags":[{"natural":"water","pixel":262144},{"natural":"wood","pixel":0},{"pixel":0,"water":"lake"},{"pixel":0,"waterway":"canal"},{"pixel":0,"waterway":"river"}],"valid_ratio":1.0,"width":512}