{"annotations":[{"area":0,"assist":{"category":{"description":"河流","id":4,"name":"River"},"tags":{"natural":"water","water":"river"}},"category_id":4,"category_name":"River","id":30887,"image_id":3966,"iscrowd":0},{"area":262144,"assist":{"category":{"description":"城市绿地","id":12,"name":"Urban_green"},"tags":{"leisure":"park"}},"category_id":12,"category_name":"Urban_green","id":30888,"image_id":3966,"iscrowd":0},{"area":0,"assist":{"category":{"description":"普通公路","id":3,"name":"Ordinary_highway"},"tags":{"highway":"tertiary","name":"管庄路","oneway":"yes","source":"Bing"}},"category_id":3,"category_name":"Ordinary_highway","id":30889,"image_id":3966,"iscrowd":0}],"categories":{"Ordinary_highway":0,"River":0,"Urban_green":262144},"center":[116.58004762364996,39.93817189914233],"extent":{"xmax":116.58039094640391,"xmin":116.57970430089601,"ymax":39.938435137617574,"ymin":39.93790866066709},"file_name":"high/20_397203_863851.jpg","height":512,"id":3966,"ins_file_name":"high/20_397203_863851.png","level":20,"seg_file_name":"high/20_397203_863851.png","tags":[{"highway":"tertiary","pixel":0},{"leisure":"park","pixel":262144},{"pixel":0,"water":"river"}],"valid_ratio":1.0,"width":512}