{"annotations":[{"area":0,"assist":{"category":{"description":"河流","id":4,"name":"River"},"tags":{"natural":"water","water":"river"}},"category_id":4,"category_name":"River","id":17660,"image_id":1639,"iscrowd":0},{"area":0,"assist":{"category":{"description":"河流","id":4,"name":"River"},"tags":{"natural":"water","water":"river"}},"category_id":4,"category_name":"River","id":17661,"image_id":1639,"iscrowd":0},{"area":262144,"assist":{"category":{"description":"空地","id":14,"name":"Space"},"tags":{"landuse":"brownfield"}},"category_id":14,"category_name":"Space","id":17662,"image_id":1639,"iscrowd":0},{"area":0,"assist":{"category":{"description":"林地","id":11,"name":"Forest"},"tags":{"landuse":"forest"}},"category_id":11,"category_name":"Forest","id":17663,"image_id":1639,"iscrowd":0},{"area":0,"assist":{"category":{"description":"河流","id":4,"name":"River"},"tags":{"boat":"no","code":"ACB13106","name":"温榆河","name:en":"Wenyu River","name:zh":"温榆河","name:zh-Hans":"温榆河","name:zh-Hant":"溫榆河","name:zh-Latn-pinyin":"wēnyú hé","nsdi_code":"CB4005","source":"Yahoo","waterway":"river","zhb_code":"07CB010301"}},"category_id":4,"category_name":"River","id":17664,"image_id":1639,"iscrowd":0},{"area":0,"assist":{"category":{"description":"河流","id":4,"name":"River"},"tags":{"name":"坝河","name:en":"Ba River","name:zh":"坝河","name:zh-Hant":"壩河","name:zh-Latn-pinyin":"Bà Hé","waterway":"river"}},"category_id":4,"category_name":"River","id":17665,"image_id":1639,"iscrowd":0}],"categories":{"Forest":0,"River":0,"Space":262144},"center":[116.56425477696806,39.96975322497731],"extent":{"xmax":116.564598099722,"xmin":116.5639114542141,"ymax":39.97001634192867,"ymin":39.96949010802595},"file_name":"high/20_397083_863805.jpg","height":512,"id":1639,"ins_file_name":"high/20_397083_863805.png","level":20,"seg_file_name":"high/20_397083_863805.png","tags":[{"landuse":"brownfield","pixel":262144},{"landuse":"forest","pixel":0},{"pixel":0,"water":"river"},{"pixel":0,"waterway":"river"}],"valid_ratio":1.0,"width":512}