{"annotations":[{"area":0,"assist":{"category":{"description":"城市绿地","id":12,"name":"Urban_green"},"tags":{"leisure":"park","name":"黑桥公园"}},"category_id":12,"category_name":"Urban_green","id":11141,"image_id":1004,"iscrowd":0},{"area":262144,"assist":{"category":{"description":"林地","id":11,"name":"Forest"},"tags":{"landuse":"forest"}},"category_id":11,"category_name":"Forest","id":11142,"image_id":1004,"iscrowd":0},{"area":0,"assist":{"category":{"description":"河流","id":4,"name":"River"},"tags":{"boat":"no","code":"ACB13106","name":"温榆河","name:en":"Wenyu River","name:zh":"温榆河","name:zh-Hans":"温榆河","name:zh-Hant":"溫榆河","name:zh-Latn-pinyin":"wēnyú hé","nsdi_code":"CB4005","source":"Yahoo","waterway":"river","zhb_code":"07CB010301"}},"category_id":4,"category_name":"River","id":11143,"image_id":1004,"iscrowd":0},{"area":0,"assist":{"category":{"description":"河流","id":4,"name":"River"},"tags":{"name":"北小河","waterway":"river"}},"category_id":4,"category_name":"River","id":11144,"image_id":1004,"iscrowd":0},{"area":0,"assist":{"category":{"description":"铁路","id":1,"name":"Railway"},"tags":{"electrified":"contact_line","frequency":"50","gauge":"1435","railway":"rail","railway:track_ref":"试车I线","usage":"test","voltage":"25000"}},"category_id":1,"category_name":"Railway","id":11145,"image_id":1004,"iscrowd":0},{"area":0,"assist":{"category":{"description":"铁路","id":1,"name":"Railway"},"tags":{"electrified":"contact_line","frequency":"50","gauge":"1435","maxspeed":"200","railway":"rail","railway:track_ref":"大环线","usage":"test","voltage":"25000"}},"category_id":1,"category_name":"Railway","id":11146,"image_id":1004,"iscrowd":0},{"area":0,"assist":{"category":{"description":"普通公路","id":3,"name":"Ordinary_highway"},"tags":{"highway":"service"}},"category_id":3,"category_name":"Ordinary_highway","id":11147,"image_id":1004,"iscrowd":0},{"area":0,"assist":{"category":{"description":"普通公路","id":3,"name":"Ordinary_highway"},"tags":{"highway":"service"}},"category_id":3,"category_name":"Ordinary_highway","id":11148,"image_id":1004,"iscrowd":0}],"categories":{"Forest":262144,"Ordinary_highway":0,"Railway":0,"River":0,"Urban_green":0},"center":[116.53335572911217,39.99185147557756],"extent":{"xmax":116.53369905186614,"xmin":116.53301240635822,"ymax":39.992114507448065,"ymin":39.99158844370706},"file_name":"high/20_396999_863715.jpg","height":512,"id":1004,"ins_file_name":"high/20_396999_863715.png","level":20,"seg_file_name":"high/20_396999_863715.png","tags":[{"highway":"service","pixel":0},{"landuse":"forest","pixel":262144},{"leisure":"park","pixel":0},{"pixel":0,"railway":"rail"},{"pixel":0,"waterway":"river"}],"valid_ratio":1.0,"width":512}