{"annotations":[{"area":0,"assist":{"category":{"description":"河流","id":4,"name":"River"},"tags":{"natural":"water","water":"river"}},"category_id":4,"category_name":"River","id":7058,"image_id":855,"iscrowd":0},{"area":135242,"assist":{"category":{"description":"体育场地","id":33,"name":"Sport_field"},"tags":{"leisure":"sports_centre"}},"category_id":33,"category_name":"Sport_field","id":7059,"image_id":855,"iscrowd":0},{"area":0,"assist":{"category":{"description":"河流","id":4,"name":"River"},"tags":{"name":"凉水河","name:en":"Liangshui River","waterway":"river","wikidata":"Q10895843","wikipedia":"zh:凉水河"}},"category_id":4,"category_name":"River","id":7060,"image_id":855,"iscrowd":0},{"area":292,"assist":{"category":{"description":"普通公路","id":3,"name":"Ordinary_highway"},"tags":{"highway":"service"}},"category_id":3,"category_name":"Ordinary_highway","id":7061,"image_id":855,"iscrowd":0}],"categories":{"Ordinary_highway":4217,"River":0,"Sport_field":135242},"center":[116.50039674473263,39.86205369984846],"extent":{"xmax":116.50074006748657,"xmin":116.50005342197866,"ymax":39.8623172308952,"ymin":39.86179016880172},"file_name":"high/20_397492_863619.jpg","height":512,"id":855,"ins_file_name":"high/20_397492_863619.png","level":20,"seg_file_name":"high/20_397492_863619.png","tags":[{"highway":"service","pixel":292},{"leisure":"sports_centre","pixel":135242},{"pixel":0,"water":"river"},{"pixel":0,"waterway":"river"}],"valid_ratio":0.5319938659667969,"width":512}