{"annotations":[{"area":0,"assist":{"category":{"description":"河流","id":4,"name":"River"},"tags":{"natural":"water","water":"river"}},"category_id":4,"category_name":"River","id":8072,"image_id":947,"iscrowd":0},{"area":1655,"assist":{"category":{"description":"空地","id":14,"name":"Space"},"tags":{"disused:location":"industrial","landuse":"brownfield"}},"category_id":14,"category_name":"Space","id":8073,"image_id":947,"iscrowd":0},{"area":120342,"assist":{"category":{"description":"空地","id":14,"name":"Space"},"tags":{"disused:location":"industrial","landuse":"brownfield"}},"category_id":14,"category_name":"Space","id":8074,"image_id":947,"iscrowd":0},{"area":17650,"assist":{"category":{"description":"空地","id":14,"name":"Space"},"tags":{"disused:location":"industrial","landuse":"brownfield"}},"category_id":14,"category_name":"Space","id":8075,"image_id":947,"iscrowd":0},{"area":0,"assist":{"category":{"description":"河流","id":4,"name":"River"},"tags":{"name":"凉水河","name:en":"Liangshui River","waterway":"river","wikidata":"Q10895843","wikipedia":"zh:凉水河"}},"category_id":4,"category_name":"River","id":8076,"image_id":947,"iscrowd":0},{"area":0,"assist":{"category":{"description":"铁路","id":1,"name":"Railway"},"tags":{"bridge":"yes","bridge:name":"北京环线特大桥","electrified":"contact_line","frequency":"50","gauge":"1435","highspeed":"yes","layer":"1","maxspeed":"300","name":"京津城际线","name:en":"Beijing-Tianjin Intercity Railway","passenger_lines":"2","railway":"rail","ref":"3010","start_date":"2008-08-01","usage":"main","voltage":"25000"}},"category_id":1,"category_name":"Railway","id":8077,"image_id":947,"iscrowd":0},{"area":0,"assist":{"category":{"description":"铁路","id":1,"name":"Railway"},"tags":{"bridge":"yes","bridge:name":"北京环线特大桥","electrified":"contact_line","frequency":"50","gauge":"1435","highspeed":"yes","layer":"1","maxspeed":"300","name":"京津城际线","name:en":"Beijing-Tianjin Intercity Railway","passenger_lines":"2","railway":"rail","ref":"3010","start_date":"2008-08-01","usage":"main","voltage":"25000"}},"category_id":1,"category_name":"Railway","id":8078,"image_id":947,"iscrowd":0},{"area":0,"assist":{"category":{"description":"河流","id":4,"name":"River"},"tags":{"name":"萧太后河","name:en":"Queen Mother Xiao River","waterway":"river","wikidata":"Q10511568"}},"category_id":4,"category_name":"River","id":8079,"image_id":947,"iscrowd":0},{"area":0,"assist":{"category":{"description":"河流","id":4,"name":"River"},"tags":{"name":"大柳树沟","waterway":"canal"}},"category_id":4,"category_name":"River","id":8080,"image_id":947,"iscrowd":0},{"area":0,"assist":{"category":{"description":"普通公路","id":3,"name":"Ordinary_highway"},"tags":{"highway":"primary","name":"化工路","name:en":"Huagong Road","name:zh":"化工路","oneway":"yes"}},"category_id":3,"category_name":"Ordinary_highway","id":8081,"image_id":947,"iscrowd":0},{"area":0,"assist":{"category":{"description":"普通公路","id":3,"name":"Ordinary_highway"},"tags":{"cycleway:right":"lane","highway":"tertiary","name":"化工路辅路","oneway":"yes"}},"category_id":3,"category_name":"Ordinary_highway","id":8082,"image_id":947,"iscrowd":0},{"area":0,"assist":{"category":{"description":"普通公路","id":3,"name":"Ordinary_highway"},"tags":{"highway":"primary","name":"化工路","name:en":"Huagong Road","name:zh":"化工路","oneway":"yes"}},"category_id":3,"category_name":"Ordinary_highway","id":8083,"image_id":947,"iscrowd":0}],"categories":{"Ordinary_highway":0,"Railway":0,"River":0,"Space":139647},"center":[116.51344300938285,39.85309305926779],"extent":{"xmax":116.51378633213682,"xmin":116.5130996866289,"ymax":39.85335662472548,"ymin":39.852829493810106},"file_name":"high/20_397526_863657.jpg","height":512,"id":947,"ins_file_name":"high/20_397526_863657.png","level":20,"seg_file_name":"high/20_397526_863657.png","tags":[{"highway":"primary","pixel":0},{"highway":"tertiary","pixel":0},{"landuse":"brownfield","pixel":139647},{"pixel":0,"railway":"rail"},{"pixel":0,"water":"river"},{"pixel":0,"waterway":"canal"},{"pixel":0,"waterway":"river"}],"valid_ratio":0.5327110290527344,"width":512}