{"annotations":[{"area":0,"assist":{"category":{"description":"河流","id":4,"name":"River"},"tags":{"natural":"water","water":"river"}},"category_id":4,"category_name":"River","id":4034,"image_id":360,"iscrowd":0},{"area":262144,"assist":{"category":{"description":"学校","id":32,"name":"School"},"tags":{"amenity":"school","name":"清华大学附属中学广华学校"}},"category_id":32,"category_name":"School","id":4035,"image_id":360,"iscrowd":0}],"categories":{"River":0,"School":262144},"center":[116.49353028965353,39.885767394782064],"extent":{"xmax":116.4938736124075,"xmin":116.49318696689959,"ymax":39.88603083473157,"ymin":39.88550395483256},"file_name":"high/20_397402_863599.jpg","height":512,"id":360,"ins_file_name":"high/20_397402_863599.png","level":20,"seg_file_name":"high/20_397402_863599.png","tags":[{"amenity":"school","pixel":262144},{"pixel":0,"water":"river"}],"valid_ratio":1.0,"width":512}