{"annotations":[{"area":189778,"assist":{"category":{"description":"耕地","id":10,"name":"Farmland"},"tags":{"landuse":"farmland"}},"category_id":10,"category_name":"Farmland","id":22529,"image_id":2754,"iscrowd":0},{"area":0,"assist":{"category":{"description":"耕地","id":10,"name":"Farmland"},"tags":{"landuse":"farmland"}},"category_id":10,"category_name":"Farmland","id":22530,"image_id":2754,"iscrowd":0},{"area":0,"assist":{"category":{"description":"河流","id":4,"name":"River"},"tags":{"layer":"-1","name":"南水北调中线工程总干渠","tunnel":"yes","waterway":"canal"}},"category_id":4,"category_name":"River","id":22531,"image_id":2754,"iscrowd":0},{"area":0,"assist":{"category":{"description":"铁路","id":1,"name":"Railway"},"tags":{"bridge":"viaduct","electrified":"contact_line","frequency":"50","gauge":"1435","highspeed":"yes","layer":"2","maxspeed":"350","maxspeed:designed":"350","name":"京广高速线","name:en":"Beijing-Guangzhou High-speed Line","name:zh":"京广高速线","old_name":"京石高铁","passenger_lines":"2","railway":"rail","railway:ctcs":"3","railway:traffic_mode":"passenger","ref":"3001","start_date":"2012-12-26","usage":"main","voltage":"25000"}},"category_id":1,"category_name":"Railway","id":22532,"image_id":2754,"iscrowd":0},{"area":0,"assist":{"category":{"description":"铁路","id":1,"name":"Railway"},"tags":{"bridge":"viaduct","electrified":"contact_line","frequency":"50","gauge":"1435","highspeed":"yes","layer":"2","maxspeed":"350","maxspeed:designed":"350","name":"京广高速线","name:en":"Beijing-Guangzhou High-speed Line","name:zh":"京广高速线","old_name":"京石高铁","passenger_lines":"2","railway":"rail","railway:ctcs":"3","railway:traffic_mode":"passenger","ref":"3001","start_date":"2012-12-26","usage":"main","voltage":"25000"}},"category_id":1,"category_name":"Railway","id":22533,"image_id":2754,"iscrowd":0},{"area":0,"assist":{"category":{"description":"河流","id":4,"name":"River"},"tags":{"name":"小清河","waterway":"river"}},"category_id":4,"category_name":"River","id":22534,"image_id":2754,"iscrowd":0},{"area":29810,"assist":{"category":{"description":"普通公路","id":3,"name":"Ordinary_highway"},"tags":{"highway":"trunk","name":"良常路","oneway":"yes","ref":"G230"}},"category_id":3,"category_name":"Ordinary_highway","id":22535,"image_id":2754,"iscrowd":0},{"area":3890,"assist":{"category":{"description":"普通公路","id":3,"name":"Ordinary_highway"},"tags":{"highway":"trunk","name":"良常路","oneway":"yes","ref":"G230"}},"category_id":3,"category_name":"Ordinary_highway","id":22536,"image_id":2754,"iscrowd":0},{"area":0,"assist":{"category":{"description":"普通公路","id":3,"name":"Ordinary_highway"},"tags":{"highway":"residential","source":"maxar"}},"category_id":3,"category_name":"Ordinary_highway","id":22537,"image_id":2754,"iscrowd":0}],"categories":{"Farmland":189778,"Ordinary_highway":33700,"Railway":0,"River":0},"center":[116.13922120757294,39.626581556330024],"extent":{"xmax":116.13956453032691,"xmin":116.138877884819,"ymax":39.626845989501334,"ymin":39.626317123158714},"file_name":"high/20_398384_862567.jpg","height":512,"id":2754,"ins_file_name":"high/20_398384_862567.png","level":20,"seg_file_name":"high/20_398384_862567.png","tags":[{"highway":"residential","pixel":0},{"highway":"trunk","pixel":33700},{"landuse":"farmland","pixel":189778},{"pixel":0,"railway":"rail"},{"pixel":0,"waterway":"canal"},{"pixel":0,"waterway":"river"}],"valid_ratio":0.8525009155273438,"width":512}