{"annotations":[{"area":0,"assist":{"category":{"description":"耕地","id":10,"name":"Farmland"},"tags":{"landuse":"farmland"}},"category_id":10,"category_name":"Farmland","id":22666,"image_id":2773,"iscrowd":0},{"area":262144,"assist":{"category":{"description":"耕地","id":10,"name":"Farmland"},"tags":{"landuse":"farmland"}},"category_id":10,"category_name":"Farmland","id":22667,"image_id":2773,"iscrowd":0},{"area":0,"assist":{"category":{"description":"河流","id":4,"name":"River"},"tags":{"layer":"-1","name":"南水北调中线工程总干渠","tunnel":"yes","waterway":"canal"}},"category_id":4,"category_name":"River","id":22668,"image_id":2773,"iscrowd":0},{"area":0,"assist":{"category":{"description":"铁路","id":1,"name":"Railway"},"tags":{"bridge":"viaduct","electrified":"contact_line","frequency":"50","gauge":"1435","highspeed":"yes","layer":"2","maxspeed":"350","maxspeed:designed":"350","name":"京广高速线","name:en":"Beijing-Guangzhou High-speed Line","name:zh":"京广高速线","old_name":"京石高铁","passenger_lines":"2","railway":"rail","railway:ctcs":"3","railway:traffic_mode":"passenger","ref":"3001","start_date":"2012-12-26","usage":"main","voltage":"25000"}},"category_id":1,"category_name":"Railway","id":22669,"image_id":2773,"iscrowd":0},{"area":0,"assist":{"category":{"description":"铁路","id":1,"name":"Railway"},"tags":{"bridge":"viaduct","electrified":"contact_line","frequency":"50","gauge":"1435","highspeed":"yes","layer":"2","maxspeed":"350","maxspeed:designed":"350","name":"京广高速线","name:en":"Beijing-Guangzhou High-speed Line","name:zh":"京广高速线","old_name":"京石高铁","passenger_lines":"2","railway":"rail","railway:ctcs":"3","railway:traffic_mode":"passenger","ref":"3001","start_date":"2012-12-26","usage":"main","voltage":"25000"}},"category_id":1,"category_name":"Railway","id":22670,"image_id":2773,"iscrowd":0},{"area":0,"assist":{"category":{"description":"河流","id":4,"name":"River"},"tags":{"name":"小清河","waterway":"river"}},"category_id":4,"category_name":"River","id":22671,"image_id":2773,"iscrowd":0},{"area":2186,"assist":{"category":{"description":"普通公路","id":3,"name":"Ordinary_highway"},"tags":{"highway":"residential","source":"maxar"}},"category_id":3,"category_name":"Ordinary_highway","id":22672,"image_id":2773,"iscrowd":0}],"categories":{"Farmland":259958,"Ordinary_highway":2186,"Railway":0,"River":0},"center":[116.12823487944644,39.62605268796625],"extent":{"xmax":116.12857820220039,"xmin":116.12789155669248,"ymax":39.626317123158714,"ymin":39.62578825277379},"file_name":"high/20_398386_862535.jpg","height":512,"id":2773,"ins_file_name":"high/20_398386_862535.png","level":20,"seg_file_name":"high/20_398386_862535.png","tags":[{"highway":"residential","pixel":2186},{"landuse":"farmland","pixel":262144},{"pixel":0,"railway":"rail"},{"pixel":0,"waterway":"canal"},{"pixel":0,"waterway":"river"}],"valid_ratio":1.0,"width":512}