{"annotations":[{"area":262144,"assist":{"category":{"description":"耕地","id":10,"name":"Farmland"},"tags":{"landuse":"farmland"}},"category_id":10,"category_name":"Farmland","id":22269,"image_id":2717,"iscrowd":0},{"area":0,"assist":{"category":{"description":"河流","id":4,"name":"River"},"tags":{"layer":"-1","name":"南水北调中线工程总干渠","tunnel":"yes","waterway":"canal"}},"category_id":4,"category_name":"River","id":22270,"image_id":2717,"iscrowd":0},{"area":0,"assist":{"category":{"description":"铁路","id":1,"name":"Railway"},"tags":{"bridge":"viaduct","electrified":"contact_line","frequency":"50","gauge":"1435","highspeed":"yes","layer":"2","maxspeed":"350","maxspeed:designed":"350","name":"京广高速线","name:en":"Beijing-Guangzhou High-speed Line","name:zh":"京广高速线","old_name":"京石高铁","passenger_lines":"2","railway":"rail","railway:ctcs":"3","railway:traffic_mode":"passenger","ref":"3001","start_date":"2012-12-26","usage":"main","voltage":"25000"}},"category_id":1,"category_name":"Railway","id":22271,"image_id":2717,"iscrowd":0},{"area":0,"assist":{"category":{"description":"铁路","id":1,"name":"Railway"},"tags":{"bridge":"viaduct","electrified":"contact_line","frequency":"50","gauge":"1435","highspeed":"yes","layer":"2","maxspeed":"350","maxspeed:designed":"350","name":"京广高速线","name:en":"Beijing-Guangzhou High-speed Line","name:zh":"京广高速线","old_name":"京石高铁","passenger_lines":"2","railway":"rail","railway:ctcs":"3","railway:traffic_mode":"passenger","ref":"3001","start_date":"2012-12-26","usage":"main","voltage":"25000"}},"category_id":1,"category_name":"Railway","id":22272,"image_id":2717,"iscrowd":0},{"area":0,"assist":{"category":{"description":"河流","id":4,"name":"River"},"tags":{"name":"小清河","waterway":"river"}},"category_id":4,"category_name":"River","id":22273,"image_id":2717,"iscrowd":0},{"area":0,"assist":{"category":{"description":"普通公路","id":3,"name":"Ordinary_highway"},"tags":{"highway":"trunk","name":"良常路","oneway":"yes","ref":"G230"}},"category_id":3,"category_name":"Ordinary_highway","id":22274,"image_id":2717,"iscrowd":0},{"area":0,"assist":{"category":{"description":"普通公路","id":3,"name":"Ordinary_highway"},"tags":{"highway":"trunk","name":"良常路","oneway":"yes","ref":"G230"}},"category_id":3,"category_name":"Ordinary_highway","id":22275,"image_id":2717,"iscrowd":0}],"categories":{"Farmland":262144,"Ordinary_highway":0,"Railway":0,"River":0},"center":[116.13784791655713,39.627110420651505],"extent":{"xmax":116.13819123931108,"xmin":116.13750459380319,"ymax":39.627374851801676,"ymin":39.626845989501334},"file_name":"high/20_398382_862563.jpg","height":512,"id":2717,"ins_file_name":"high/20_398382_862563.png","level":20,"seg_file_name":"high/20_398382_862563.png","tags":[{"highway":"trunk","pixel":0},{"landuse":"farmland","pixel":262144},{"pixel":0,"railway":"rail"},{"pixel":0,"waterway":"canal"},{"pixel":0,"waterway":"river"}],"valid_ratio":1.0,"width":512}