{"annotations":[{"area":0,"assist":{"category":{"description":"湖泊","id":5,"name":"Lake"},"tags":{"ele":"75","intermittent":"no","name":"Lake Ontario","name:ar":"بحيرة أونتاريو","name:be":"Возера Антарыа","name:cr":"ᑭᐦᒋ ᓵᑲᐦᐃᑲᐣ","name:crk":"kihci-sâkahikan","name:cs":"Ontarijské jezero","name:de":"Ontariosee","name:es":"Lago Ontario","name:fa":"دریاچه انتاریو","name:fr":"Lac Ontario","name:he":"ימת אונטריו","name:hu":"Ontarió-tó","name:lt":"Ontarijo ežeras","name:moh":"Oniatarí:io","name:oj":"Niigani-gichigami","name:pl":"Jezioro Ontario","name:ru":"озеро Онтарио","name:sk":"Ontárijské jazero","name:te":"ఒన్ టారియో","name:zh":"安大略湖","name:zh-Hans":"安大略湖","natural":"water","note":"If editing please make sure outer is intact and all islands are inner","salt":"no","sqkm":"19011","tidal":"no","type":"multipolygon","water":"lake","wikidata":"Q1062","wikipedia":"en:Lake Ontario"}},"category_id":5,"category_name":"Lake","id":1974,"image_id":155,"iscrowd":0},{"area":0,"assist":{"category":{"description":"河流","id":4,"name":"River"},"tags":{"natural":"water","water":"river"}},"category_id":4,"category_name":"River","id":1975,"image_id":155,"iscrowd":0},{"area":238034,"assist":{"category":{"description":"城市绿地","id":12,"name":"Urban_green"},"tags":{"leisure":"park","name":"Upson Park"}},"category_id":12,"category_name":"Urban_green","id":1976,"image_id":155,"iscrowd":0},{"area":0,"assist":{"category":{"description":"河流","id":4,"name":"River"},"tags":{"boat":"yes","canoe":"yes","deep_draft":"no","lock":"no","motorboat":"yes","name":"Erie Canal","ship":"yes","source:deep_draft":"National Transportation Atlas Database 2011","waterway":"canal","width":"40"}},"category_id":4,"category_name":"River","id":1977,"image_id":155,"iscrowd":0},{"area":0,"assist":{"category":{"description":"普通公路","id":3,"name":"Ordinary_highway"},"tags":{"highway":"tertiary","name":"Market Street","tiger:cfcc":"A41","tiger:county":"Niagara, NY","tiger:name_base":"Market","tiger:name_type":"St","tiger:reviewed":"no","tiger:zip_left":"14094"}},"category_id":3,"category_name":"Ordinary_highway","id":1978,"image_id":155,"iscrowd":0},{"area":0,"assist":{"category":{"description":"普通公路","id":3,"name":"Ordinary_highway"},"tags":{"highway":"residential","name":"Chestnut Street","tiger:cfcc":"A41","tiger:county":"Niagara, NY","tiger:name_base":"Chestnut","tiger:name_type":"St","tiger:reviewed":"no","tiger:zip_left":"14094","tiger:zip_right":"14094"}},"category_id":3,"category_name":"Ordinary_highway","id":1979,"image_id":155,"iscrowd":0},{"area":5835,"assist":{"category":{"description":"普通公路","id":3,"name":"Ordinary_highway"},"tags":{"hgv":"designated","hgv:state_network":"yes","highway":"primary","name":"Clinton Street","ref":"NY 78","source:hgv:state_network":"NYSDOT https://www.dot.ny.gov/divisions/operating/oom/transportation-systems/repository/2010%20trk%20access%20bk.pdf"}},"category_id":3,"category_name":"Ordinary_highway","id":1980,"image_id":155,"iscrowd":0},{"area":16105,"assist":{"category":{"description":"普通公路","id":3,"name":"Ordinary_highway"},"tags":{"highway":"service"}},"category_id":3,"category_name":"Ordinary_highway","id":1981,"image_id":155,"iscrowd":0}],"categories":{"Lake":0,"Ordinary_highway":21940,"River":0,"Urban_green":221394},"center":[-78.68957520626617,43.17563913940785],"extent":{"xmax":-78.68888856075827,"xmin":-78.69026185177408,"ymax":43.176139882246815,"ymin":43.17513839656888},"file_name":"high/19_192298_147543.jpg","height":512,"id":155,"ins_file_name":"high/19_192298_147543.png","level":19,"seg_file_name":"high/19_192298_147543.png","tags":[{"highway":"primary","pixel":5835},{"highway":"residential","pixel":0},{"highway":"service","pixel":16105},{"highway":"tertiary","pixel":0},{"leisure":"park","pixel":238034},{"pixel":0,"water":"lake"},{"pixel":0,"water":"river"},{"pixel":0,"waterway":"canal"}],"valid_ratio":0.9282455444335938,"width":512}