{"annotations":[{"area":0,"assist":{"category":{"description":"湖泊","id":5,"name":"Lake"},"tags":{"ele":"75","intermittent":"no","name":"Lake Ontario","name:ar":"بحيرة أونتاريو","name:be":"Возера Антарыа","name:cr":"ᑭᐦᒋ ᓵᑲᐦᐃᑲᐣ","name:crk":"kihci-sâkahikan","name:cs":"Ontarijské jezero","name:de":"Ontariosee","name:es":"Lago Ontario","name:fa":"دریاچه انتاریو","name:fr":"Lac Ontario","name:he":"ימת אונטריו","name:hu":"Ontarió-tó","name:lt":"Ontarijo ežeras","name:moh":"Oniatarí:io","name:oj":"Niigani-gichigami","name:pl":"Jezioro Ontario","name:ru":"озеро Онтарио","name:sk":"Ontárijské jazero","name:te":"ఒన్ టారియో","name:zh":"安大略湖","name:zh-Hans":"安大略湖","natural":"water","note":"If editing please make sure outer is intact and all islands are inner","salt":"no","sqkm":"19011","tidal":"no","type":"multipolygon","water":"lake","wikidata":"Q1062","wikipedia":"en:Lake Ontario"}},"category_id":5,"category_name":"Lake","id":4745,"image_id":532,"iscrowd":0},{"area":106026,"assist":{"category":{"description":"城市绿地","id":12,"name":"Urban_green"},"tags":{"gnis:feature_id":"959650","leisure":"park","name":"Outwater Memorial Park","wikidata":"Q49536575"}},"category_id":12,"category_name":"Urban_green","id":4746,"image_id":532,"iscrowd":0},{"area":3875,"assist":{"category":{"description":"体育场地","id":33,"name":"Sport_field"},"tags":{"leisure":"pitch","sport":"baseball"}},"category_id":33,"category_name":"Sport_field","id":4747,"image_id":532,"iscrowd":0},{"area":13740,"assist":{"category":{"description":"建筑","id":15,"name":"Buildings"},"tags":{"building":"yes","source:data":"https://gis.ny.gov/gisdata","source:imagery":"ESRI Sat & NYS Sat Imagery","source:shape":"Modified MS Footprints https://cugir.library.cornell.edu"}},"category_id":15,"category_name":"Buildings","id":4748,"image_id":532,"iscrowd":0},{"area":3888,"assist":{"category":{"description":"建筑","id":15,"name":"Buildings"},"tags":{"building":"yes","source:data":"https://gis.ny.gov/gisdata","source:imagery":"ESRI Sat & NYS Sat Imagery","source:shape":"Modified MS Footprints https://cugir.library.cornell.edu"}},"category_id":15,"category_name":"Buildings","id":4749,"image_id":532,"iscrowd":0},{"area":0,"assist":{"category":{"description":"普通公路","id":3,"name":"Ordinary_highway"},"tags":{"highway":"tertiary","name":"Niagara Street","tiger:cfcc":"A41","tiger:county":"Niagara, NY","tiger:name_base":"Niagara","tiger:name_type":"St","tiger:zip_left":"14094","tiger:zip_right":"14094"}},"category_id":3,"category_name":"Ordinary_highway","id":4750,"image_id":532,"iscrowd":0},{"area":0,"assist":{"category":{"description":"普通公路","id":3,"name":"Ordinary_highway"},"tags":{"highway":"residential","name":"Glenwood Avenue","tiger:cfcc":"A41","tiger:county":"Niagara, NY","tiger:name_base":"Glenwood","tiger:name_type":"Ave","tiger:zip_left":"14094","tiger:zip_right":"14094"}},"category_id":3,"category_name":"Ordinary_highway","id":4751,"image_id":532,"iscrowd":0},{"area":45563,"assist":{"category":{"description":"普通公路","id":3,"name":"Ordinary_highway"},"tags":{"highway":"service"}},"category_id":3,"category_name":"Ordinary_highway","id":4752,"image_id":532,"iscrowd":0}],"categories":{"Buildings":17628,"Lake":0,"Ordinary_highway":56039,"Sport_field":3875,"Urban_green":100993},"center":[-78.70296479367038,43.17914424022031],"extent":{"xmax":-78.70262147091643,"xmin":-78.70330811642432,"ymax":43.17939459726833,"ymin":43.17889388317229},"file_name":"high/20_384583_295048.jpg","height":512,"id":532,"ins_file_name":"high/20_384583_295048.png","level":20,"seg_file_name":"high/20_384583_295048.png","tags":[{"building":"yes","pixel":17628},{"highway":"residential","pixel":0},{"highway":"service","pixel":45563},{"highway":"tertiary","pixel":0},{"leisure":"park","pixel":106026},{"leisure":"pitch","pixel":3875},{"pixel":0,"water":"lake"}],"valid_ratio":0.6810569763183594,"width":512}