{"annotations":[{"area":135106,"assist":{"category":{"description":"河流","id":4,"name":"River"},"tags":{"natural":"water","water":"canal"}},"category_id":4,"category_name":"River","id":9110,"image_id":1155,"iscrowd":0},{"area":34543,"assist":{"category":{"description":"河流","id":4,"name":"River"},"tags":{"boat":"yes","canoe":"yes","deep_draft":"no","motorboat":"yes","name":"Erie Canal","ship":"yes","source:deep_draft":"National Transportation Atlas Database 2011","waterway":"canal"}},"category_id":4,"category_name":"River","id":9111,"image_id":1155,"iscrowd":0},{"area":0,"assist":{"category":{"description":"普通公路","id":3,"name":"Ordinary_highway"},"tags":{"designation":"CR 903","highway":"residential","lanes":"2","name":"Hinman Road","tiger:cfcc":"A41","tiger:county":"Niagara, NY","tiger:name_base":"Hinman","tiger:name_type":"Rd","tiger:reviewed":"no","tiger:zip_left":"14094","tiger:zip_right":"14094"}},"category_id":3,"category_name":"Ordinary_highway","id":9112,"image_id":1155,"iscrowd":0},{"area":0,"assist":{"category":{"description":"普通公路","id":3,"name":"Ordinary_highway"},"tags":{"hgv":"designated","hgv:state_network":"yes","highway":"tertiary","name":"Bear Ridge Road","ref":"CR 96","source:hgv:state_network":"NYSDOT https://www.dot.ny.gov/divisions/operating/oom/transportation-systems/repository/2010%20trk%20access%20bk.pdf","tiger:cfcc":"A41","tiger:county":"Niagara, NY","tiger:name_base":"Bear Ridge","tiger:name_type":"Rd","tiger:reviewed":"no"}},"category_id":3,"category_name":"Ordinary_highway","id":9113,"image_id":1155,"iscrowd":0}],"categories":{"Ordinary_highway":0,"River":135106},"center":[-78.71669770382854,43.14709012888116],"extent":{"xmax":-78.7163543810746,"xmin":-78.71704102658249,"ymax":43.14734061732125,"ymin":43.14683964044107},"file_name":"high/20_384711_295008.jpg","height":512,"id":1155,"ins_file_name":"high/20_384711_295008.png","level":20,"seg_file_name":"high/20_384711_295008.png","tags":[{"highway":"residential","pixel":0},{"highway":"tertiary","pixel":0},{"pixel":135106,"water":"canal"},{"pixel":34543,"waterway":"canal"}],"valid_ratio":0.5153884887695313,"width":512}